Name,Adipose_Subcutaneous,Adipose_Visceral_Omentum,Adrenal_Gland,Artery_Aorta,Artery_Coronary,Artery_Tibial,Bladder,Brain_Amygdala,Brain_Anterior_cingulate_cortex_BA24,Brain_Caudate_basal_ganglia,Brain_Cerebellar_Hemisphere,Brain_Cerebellum,Brain_Cortex,Brain_Frontal_Cortex_BA9,Brain_Hippocampus,Brain_Hypothalamus,Brain_Nucleus_accumbens_basal_ganglia,Brain_Putamen_basal_ganglia,Brain_Spinal_cord_cervical_c-1,Brain_Substantia_nigra,Breast_Mammary_Tissue,Cells_Cultured_fibroblasts,Cells_EBV-transformed_lymphocytes,Cervix_Ectocervix,Cervix_Endocervix,Colon_Sigmoid,Colon_Transverse,Colon_Transverse_Mixed_Cell,Colon_Transverse_Mucosa,Colon_Transverse_Muscularis,Esophagus_Gastroesophageal_Junction,Esophagus_Mucosa,Esophagus_Muscularis,Fallopian_Tube,Heart_Atrial_Appendage,Heart_Left_Ventricle,Kidney_Cortex,Kidney_Medulla,Liver,Liver_Hepatocyte,Liver_Mixed_Cell,Liver_Portal_Tract,Lung,Minor_Salivary_Gland,Muscle_Skeletal,Nerve_Tibial,Ovary,Pancreas,Pancreas_Acini,Pancreas_Islets,Pancreas_Mixed_Cell,Pituitary,Prostate,Skin_Not_Sun_Exposed_Suprapubic,Skin_Sun_Exposed_Lower_leg,Small_Intestine_Terminal_Ileum,Small_Intestine_Terminal_Ileum_Lymphoid_Aggregate,Small_Intestine_Terminal_Ileum_Mixed_Cell,Spleen,Stomach,Stomach_Mixed_Cell,Stomach_Mucosa,Stomach_Muscularis,Testis,Thyroid,Uterus,Vagina,Whole_Blood
HTR6,0.0932135,0.07205,0.029662,0.144707,0.103297,0.151821,0.092747,0.571449,1.76376,7.06306,0.053203,0.0690675,3.31572,2.97409,0.6283,0.913949,9.18958,6.18729,0.0597225,0.185036,0.095707,0.038648,0.482348,0.18571,0.321023,0.192465,0.111049,0.120865,0.0796045,0.248048,0.141581,0.087756,0.122922,0.121888,0.022621,0.013518,0.0233095,0.029222,0.0076475,0.014057,0.0,0.070214,0.0980735,0.046369,0.0121155,0.0841245,0.121445,0.013974,0.026419,0.031796,0.0240635,0.412772,0.211231,0.1459,0.150743,0.179486,0.806384,0.305353,0.208846,0.053814,0.079802,0.04373,0.143684,0.550508,0.0642475,0.165908,0.164917,0.136529
HTR1D,0.015062,0.022327,0.016925,0.0,0.017529,0.0,0.205365,0.467493,0.309224,4.02076,0.046861,0.069265,0.720528,0.590279,0.189638,0.553274,8.35228,3.21506,0.182976,0.162124,0.031639,0.018208,0.026309,0.027142,0.066402,0.094614,0.102575,0.086792,0.034067,0.05446,0.022709,0.012973,0.02615,0.117758,0.018498,0.0206155,0.0110435,0.062099,0.0,0.0,0.0,2.74505,0.262153,0.027701,0.0147625,0.401668,0.060595,0.0190165,0.0,0.063707,0.0398935,0.253082,0.156446,0.029779,0.023441,3.25554,0.206432,4.17732,0.035599,0.011436,0.0,0.0,0.0,0.617507,0.032886,0.046076,0.0154885,0.0
CNR2,0.0254205,0.038305,0.012707,0.0271895,0.0295095,0.008352,0.026943,0.003901,0.007098,0.005955,0.009603,0.011194,0.0060755,0.006691,0.00278,0.004816,0.005866,0.006143,0.0,0.005898,0.019716,0.0,14.8238,0.0300395,0.029492,0.009791,0.11022,0.248868,0.307855,0.030968,0.007633,0.0674945,0.007693,0.037863,0.011058,0.0051495,0.0282455,0.044649,0.0662745,0.034532,0.063033,1.16269,0.155511,0.021757,0.0046215,0.018247,0.013274,0.004242,0.0,0.013455,0.009872,0.022767,0.0421725,0.010105,0.014493,2.09178,43.9066,11.3573,18.3323,0.030356,0.047827,0.021753,0.0,0.262034,0.399815,0.022196,0.0242845,1.80151
PTAFR,5.41453,7.41602,3.09114,3.32941,4.98541,1.43033,4.63546,1.45045,0.896534,1.28475,0.626687,0.480053,0.775638,0.858349,1.29042,1.66963,1.15218,1.03203,3.69739,2.73883,3.80755,0.102287,17.5267,2.70855,2.09716,2.96034,4.06179,5.89038,3.92233,3.649,3.7007,7.30875,3.82806,3.45377,0.773633,0.702109,2.2608,1.51067,0.509158,0.867925,1.34362,11.1682,15.7902,3.58928,0.297525,3.07305,0.940926,0.957008,0.799708,0.875382,1.60013,0.916369,2.53801,3.49854,4.52205,7.34643,12.3639,10.3246,26.2138,2.39389,2.6361,1.55671,4.48793,2.37037,2.45017,1.92476,3.39663,68.1749
OPRD1,0.0483925,0.079741,0.038999,0.030956,0.035199,0.013834,0.040338,0.684221,1.49946,1.24492,0.089831,0.0975565,3.57378,3.27652,0.593414,0.449481,1.14065,1.34126,0.0907885,0.110448,0.0705025,0.0065485,0.043098,0.0492395,0.043302,0.390475,0.134542,0.103471,0.0361465,0.301857,0.053625,0.0207945,0.068015,0.026438,0.038244,0.020292,0.0575605,0.035344,0.057705,0.100189,0.056087,0.10844,0.110381,0.033377,0.068042,0.042651,0.047113,0.088251,0.065329,1.76754,0.103165,0.1864,0.089267,0.022873,0.024353,0.19948,0.638437,0.216019,0.17233,0.09741,0.118075,0.124345,0.0936955,0.359847,0.081902,0.030289,0.040741,0.101324
HCRTR1,0.427333,0.444102,0.062533,0.566741,0.345403,0.228409,0.095229,0.138993,0.207251,0.057801,0.1472,0.180611,0.435158,0.323869,0.151146,1.18147,0.070091,0.0590495,0.065635,0.165578,0.46087,0.0,0.038305,0.035136,0.05556,0.164713,0.088257,0.104021,0.083251,0.185645,0.476417,0.035468,0.688562,0.209468,0.11774,0.267839,0.077852,0.946131,0.0130465,0.0,0.0,0.143573,0.1149,0.042401,0.213399,0.107316,0.077756,0.0427425,0.025944,1.61186,0.067724,1.04821,0.0962575,0.077563,0.0780815,0.108632,0.120567,0.142844,0.05189,0.064813,0.098346,0.0383,0.32441,0.202263,1.45795,0.154522,0.0450965,0.017511
PTGFR,14.9464,3.02275,3.02721,1.76414,6.65354,9.61021,9.47138,0.45549,0.423657,0.18626,0.037727,0.0709285,0.262383,0.299114,0.752267,1.59219,0.296987,0.178922,0.212481,0.137586,8.48269,28.067,0.016048,6.55731,3.7964,2.31545,1.90637,0.957622,0.344557,2.33984,9.22832,0.650211,3.13491,11.722,0.984355,0.262114,1.51208,1.24039,0.595824,0.633631,0.650554,0.703258,2.24814,5.40105,0.975884,42.1875,3.99546,0.505898,0.27245,1.68347,0.463553,0.221634,1.80078,5.47489,7.36325,3.10247,4.74645,3.07419,0.364413,1.00782,1.07129,0.206988,2.3181,0.747577,1.20172,17.2521,6.32754,0.127749
LPAR3,0.035488,0.030853,0.895406,0.0550605,0.0602705,0.026291,2.0195,1.493,2.90458,0.598479,0.232023,0.268045,3.58588,3.42074,2.50543,0.230702,1.35113,0.937156,0.139639,0.034922,0.193284,1.23753,0.102847,3.47276,0.474363,0.028247,0.630717,0.862111,1.1246,0.061702,0.025281,9.82119,0.024548,2.38469,9.63539,3.10696,0.0267385,0.075536,0.019247,0.017325,0.0,0.0815445,2.26458,6.15146,0.009478,0.034803,2.02265,5.43034,4.32005,1.08492,4.66825,0.074914,14.9864,6.84033,6.16336,0.179278,0.37294,0.191285,0.251484,0.077266,0.044777,0.027351,0.010484,17.7603,0.0827895,0.053201,9.72776,0.06939
S1PR1,120.873,89.2507,11.6589,17.3102,35.0828,27.4002,22.4225,28.7457,27.6721,32.3698,16.2106,28.2891,27.1931,23.3764,17.4504,19.1209,32.8526,26.4111,12.9103,27.8556,89.9929,20.737,28.7218,12.8161,21.7382,18.7195,13.3786,7.56757,2.97828,6.96524,25.2266,7.39634,25.2077,24.462,24.6788,22.1901,7.72586,12.6513,4.37292,4.21859,6.36237,18.4388,94.761,14.7553,12.4965,47.1546,7.3601,3.682,1.9025,4.65388,3.7198,8.47495,13.6993,11.0019,17.0131,21.9645,25.0744,18.7693,46.9894,12.4382,9.46905,5.43928,9.97008,3.15766,46.1611,33.3357,17.7273,11.5542
ADORA3,4.31665,3.91085,8.96627,4.76652,4.7177,2.43178,5.64686,4.10733,2.20045,2.77801,1.13606,0.801046,1.47352,1.65102,3.92765,4.7198,2.49114,1.91368,17.4285,6.45872,2.70624,0.0,0.162079,2.46535,3.26762,3.92576,4.59547,9.47774,5.97636,5.35531,3.8141,1.30901,3.57013,3.9584,1.81674,0.742888,0.749956,0.457206,0.5191,0.705386,1.60567,12.0465,4.47042,2.88648,0.26618,9.57926,1.93984,0.800843,0.842885,1.41237,1.34697,2.60511,3.59743,0.825555,0.88751,7.75574,8.9861,9.44483,6.06539,1.9936,2.6169,1.574,3.31242,2.1194,1.93455,2.55637,1.95442,3.40414
ADORA1,2.33107,3.36949,0.219349,0.304728,0.974532,0.487083,0.893803,32.2534,28.041,30.3052,27.1248,27.8152,37.855,41.1961,29.1057,21.9685,29.6654,32.0867,47.9242,33.164,3.98759,0.321513,0.039106,0.706589,1.54719,0.463264,0.866499,0.758031,0.511122,0.357735,0.882496,0.83118,0.673818,1.49622,7.90976,3.7124,6.65495,3.0269,0.163025,0.089558,0.087973,2.16217,1.67838,3.87051,0.742251,0.729518,0.249245,6.65771,4.80333,2.24589,5.39761,1.69863,1.15267,2.94724,4.97558,1.01763,0.945857,0.884279,7.40978,0.732575,0.450458,0.352466,0.440947,36.7937,3.46815,1.01633,0.772112,0.058952
AVPR1B,0.0093905,0.008012,0.0,0.0,0.007953,0.0,0.030238,0.024361,0.061864,0.0104085,0.854667,1.02667,0.062818,0.059477,0.021993,0.065469,0.011008,0.009077,0.0163925,0.010617,0.0,0.0,0.025207,0.0371435,0.118714,0.215374,0.207295,0.23989,0.244932,0.099982,0.0161,0.008289,0.012973,0.06728,0.01209,0.0,0.153169,0.161941,0.0,0.0,0.0,1.31301,0.020135,0.015057,0.0,0.009376,0.009953,0.109332,0.044652,5.65365,0.170374,17.9602,0.0235465,0.023893,0.0182735,0.205599,0.123279,0.229822,0.025847,0.387471,0.807354,0.833226,0.002496,0.02766,0.142452,0.042096,0.0204925,0.0
TACR1,12.054,3.73159,0.291619,1.4658,3.2971,2.28098,3.89748,0.793021,1.19263,3.24123,0.013614,0.027944,0.899484,1.31519,0.508564,1.19536,2.10726,3.52581,0.162519,0.179388,8.64524,0.037124,0.235411,6.79927,8.84786,1.74123,0.94525,0.504128,0.044998,1.56535,2.52831,1.60461,1.9172,6.62765,0.092795,0.0328265,0.707057,0.871943,0.0260075,0.013068,0.028808,1.04168,0.890337,2.17075,0.1668,6.40581,0.738762,0.058061,0.013052,0.100586,0.0463435,0.192403,2.3334,3.35251,3.5907,1.01604,0.490942,0.537227,0.082392,0.369776,0.38025,0.035496,1.25714,0.146675,0.863994,7.25069,4.88873,0.011552
ADRA2B,10.5265,7.3572,2.63596,5.77433,3.511,5.23186,4.80236,0.770613,0.334593,1.87179,0.274143,0.428872,0.525991,0.420473,0.743412,0.435673,2.10705,1.54765,1.7958,0.517201,5.37765,0.0097945,0.180156,3.02345,3.94406,3.95136,2.94504,1.93744,1.0445,3.13286,6.55721,0.865532,7.58911,6.17327,1.80241,5.27589,3.54115,9.61262,4.46999,2.23015,2.54781,3.03643,1.07151,2.78881,5.06913,10.0148,2.69416,0.51512,0.443377,1.11149,0.680755,0.816219,2.65968,2.13568,3.03958,3.98673,2.35079,3.16146,14.1716,2.45059,2.27428,1.14077,5.2233,3.10052,3.0172,6.37063,2.60711,0.083297
GPR17,16.4436,9.07188,1.45,17.4678,15.7476,14.8331,11.2071,24.9693,14.7568,15.7969,5.00652,5.1822,13.6894,12.0236,20.4595,17.7609,14.456,11.2925,15.9601,17.0472,12.4617,0.100745,0.022942,5.87432,10.5624,28.806,10.0189,10.1081,2.0454,52.3895,20.308,2.54743,21.1984,12.9119,9.91806,9.13586,2.28194,6.55226,1.40797,0.744593,0.664503,5.00296,16.2221,2.97224,2.82912,31.1325,2.3562,0.747825,0.594014,0.872961,0.595657,1.23737,8.44983,2.91785,3.92285,4.68581,1.6711,3.8892,11.0638,4.25971,4.58858,0.64903,17.2101,2.06525,7.43531,22.6811,7.32216,0.226893
GPR39,0.18434,0.062277,0.0,0.353426,0.0803355,0.047107,1.2077,0.248212,0.220551,0.329691,0.095555,0.218571,0.178234,0.17673,0.26677,0.40747,0.593458,0.217611,0.167286,0.293775,0.596284,1.77797,0.0,1.11673,0.370491,0.154324,2.85684,5.60363,6.12999,0.491039,0.073337,0.779696,0.055129,0.388429,0.0,0.0,0.903008,1.83261,1.58278,1.62949,2.42559,2.9632,3.5358,0.42095,0.0,0.073411,0.022205,1.41772,1.07385,1.00588,1.21831,0.391782,0.535784,0.565463,0.566534,1.6893,0.117422,2.0108,0.0,3.64348,3.31379,3.80552,0.160215,4.62707,1.11765,0.068429,0.665615,0.0
CXCR4,25.3873,37.7532,65.7439,27.1297,29.2498,17.4902,32.0819,4.46437,3.39438,5.49644,2.02135,2.49214,3.43383,3.06046,5.33858,8.59071,3.73124,4.54689,52.7927,7.14632,22.2385,0.062482,32.5388,28.5638,29.6749,9.10172,19.376,22.4357,30.0607,8.01235,7.20169,11.3829,7.25825,35.1297,8.90706,2.42883,8.16294,9.74187,7.23345,1.61232,2.17575,174.347,105.51,19.3591,1.955,60.0331,8.41616,2.48676,1.96035,1.58855,2.78757,35.2562,25.5354,8.80656,6.86509,132.398,1192.13,423.543,363.963,18.4346,19.7504,14.2685,10.7744,4.48472,34.4367,15.8008,26.7876,562.914
CXCR2,0.665882,1.36001,0.168547,0.371629,0.400217,0.170565,1.41581,0.156137,0.120064,0.175211,0.103752,0.102905,0.135552,0.135374,0.147897,0.161236,0.143768,0.172312,0.246974,0.286943,0.404723,0.0,0.340237,5.81935,0.247881,0.118439,0.170566,0.757953,0.251352,0.642226,0.157876,24.6021,0.183691,0.472157,0.361028,0.334287,0.270309,0.211298,0.775822,0.208375,0.561297,2.2191,8.34187,0.780051,0.131113,0.218322,0.140529,0.074451,0.020824,0.0,0.03909,0.18555,0.63627,3.67389,3.02792,0.399176,0.324565,0.637513,42.5841,0.236587,0.397754,0.053816,0.556221,0.157158,0.342794,0.310583,10.0572,468.295
GPBAR1,11.0014,12.2793,1.15189,1.40596,3.68709,0.686074,4.80791,0.075586,0.091794,0.084739,0.128734,0.173371,0.12581,0.106619,0.094288,0.102766,0.097362,0.080495,0.116326,0.089827,5.9045,0.130511,0.224894,0.554002,0.738674,2.7713,2.42995,2.99306,1.25892,5.29672,2.01349,0.473337,1.45797,1.34611,2.03888,0.65862,0.46734,6.04383,0.556572,0.438662,0.600538,8.68233,2.25642,0.537228,0.21356,1.97071,1.93279,0.550323,0.355259,4.22034,1.0083,0.909633,1.11508,0.872977,0.880735,2.13036,1.40117,2.45957,6.68767,2.61491,4.12664,1.6888,14.3836,4.19553,1.78762,1.01733,0.594665,12.9035
GPR55,0.090248,0.138813,0.044345,0.048698,0.0858145,0.028856,0.447512,0.241088,0.476861,1.18008,0.006662,0.009588,0.867376,0.840917,0.218839,0.202994,1.65674,0.728793,0.106496,0.071416,0.109018,0.0274815,22.2514,0.317327,0.236513,0.090042,0.730009,1.20424,1.44275,0.246637,0.305089,0.414237,0.276928,0.175599,0.019829,0.0300455,0.042009,0.058928,0.040093,0.016534,0.020405,0.823694,0.361157,0.402319,0.0,0.148215,0.034544,0.0196535,0.0,0.0,0.0203485,0.617431,0.242696,0.281125,0.216204,3.04683,5.07456,3.06375,5.4753,0.300957,0.282909,0.274163,0.063452,8.49831,0.115669,0.071698,0.562114,1.26431
HTR2B,1.03269,1.0133,15.1669,3.66952,3.65334,1.769,2.26691,0.100685,0.097194,0.118828,0.140943,0.185843,0.111673,0.108109,0.140848,0.150099,0.088355,0.126514,0.153617,0.140768,0.95242,0.930037,0.563945,7.27798,20.6107,9.36716,3.07584,3.73171,0.180198,15.875,5.30953,0.246828,9.86895,4.24247,2.84553,0.229255,1.38899,4.21548,0.467057,0.144487,0.279952,2.99303,0.700567,0.567439,0.0550805,0.466738,1.18325,0.111374,0.08769,0.131251,0.139362,0.525378,0.448537,0.201837,0.168831,0.644841,0.430842,1.68737,0.464326,0.385586,3.4106,0.077276,16.5693,0.443491,5.10891,15.8069,1.16253,0.051015
NMUR1,6.0584,3.10378,1.2729,0.852486,1.6199,1.07838,2.347,0.141609,0.194633,0.16578,1.07388,1.45158,0.23856,0.21817,0.139614,0.141587,0.13818,0.155589,0.214663,0.14456,2.36438,0.0304785,0.098684,1.22978,1.52482,1.06799,1.52672,0.978692,1.13512,0.745096,4.62862,0.711074,4.14903,2.73087,0.66495,0.183349,1.02699,1.60043,0.5831,0.342354,0.434757,3.67602,5.2119,0.219055,0.073848,1.63332,0.345768,2.42551,2.81893,0.538822,1.97703,0.532946,2.70728,0.341547,0.605687,2.81769,0.957206,1.42022,6.95942,0.908962,0.816188,0.333393,1.35361,4.31562,1.90613,1.54203,0.871461,5.54493
OXTR,0.199308,0.306767,0.274302,1.3337,0.745316,0.441096,0.305811,1.5882,3.0737,2.76609,1.45063,1.40046,2.04513,2.02228,1.70279,4.65099,6.2343,2.48014,2.79702,6.36605,11.4394,2.27273,13.1821,0.492345,1.11322,0.375854,0.313459,0.150644,0.238954,0.209429,0.372569,0.845836,0.48824,0.936647,0.399565,0.216633,0.303626,0.692873,0.108581,0.044767,0.096733,0.701707,0.712742,0.340914,0.159379,0.807971,1.90039,0.0875455,0.082021,0.410384,0.0922185,0.558548,1.45061,0.234075,0.186778,0.351548,0.338066,0.356934,0.716728,0.186198,0.159966,0.04945,0.45699,0.725263,0.636468,0.868562,0.418619,0.096613
HRH1,7.96858,5.77207,0.628514,19.5495,8.55473,11.0815,5.61568,2.44598,4.76543,1.00177,0.087681,0.0999515,4.38643,5.25787,1.31885,1.79038,1.43269,0.742471,0.784209,0.569089,4.85854,13.2302,0.013915,6.14335,6.66614,5.42856,4.22519,4.84031,3.58194,5.52058,3.77556,2.84527,4.19298,7.2574,0.654313,0.39412,0.978051,1.2933,0.0644755,0.043908,0.078431,3.0972,5.79263,2.03967,0.474419,14.1225,4.87967,0.148291,0.082379,0.177699,0.144607,0.587662,2.38753,5.25791,5.87531,3.07248,1.00529,3.18729,0.927023,0.743092,0.739629,0.217429,1.7278,0.965466,2.19786,4.89971,8.20846,0.045952
VIPR1,21.7892,9.93995,2.00953,4.89189,11.6316,9.76032,10.8258,3.95991,9.36606,6.32163,33.0031,35.9402,18.8101,16.3824,2.67246,1.11774,14.7373,3.61212,0.864236,0.971557,24.0837,0.041072,0.118729,5.67058,2.49811,1.41683,24.6483,50.1112,73.7405,6.21654,2.47597,5.56541,2.08143,1.43413,3.77972,1.60231,1.65491,1.45468,14.1611,6.97048,8.7478,12.3614,183.346,27.9077,0.601627,3.73206,0.493676,1.14443,0.911747,12.6433,1.30457,2.29107,35.545,34.285,41.7035,25.7668,17.6462,31.3175,9.01545,5.49523,6.93765,7.86723,1.31256,3.02266,21.9192,1.42777,6.6643,6.72896
CCR5,1.03598,1.477,0.952758,1.04352,1.48813,0.462289,1.42245,0.257006,0.163142,0.248686,0.088617,0.067192,0.110747,0.139536,0.289875,0.411099,0.203555,0.180833,1.45288,0.67027,0.583974,0.0,0.144708,1.68912,1.57849,0.871584,1.597,2.16113,1.75698,0.700922,0.673597,1.03109,0.780445,1.37143,0.284008,0.155186,0.346716,0.378781,0.460455,0.388917,0.642217,22.6315,5.13836,1.5512,0.0681145,1.27902,0.505451,0.331223,0.247157,0.22191,0.416418,0.751823,1.56288,0.290432,0.277316,4.78785,10.593,4.79294,10.9421,1.48802,1.75293,1.48531,1.16404,0.174082,1.28828,0.979706,1.02659,4.55924
HTR1F,1.29572,0.685391,0.020582,0.077538,0.096184,0.124174,0.112676,0.14761,0.189267,0.134995,0.060357,0.086434,0.273135,0.298452,0.129924,0.126122,0.082393,0.125585,0.1024,0.175798,0.744524,0.309644,0.009372,0.376262,0.968237,0.099061,0.062052,0.0515555,0.015915,0.021353,0.125168,0.082738,0.127168,0.439753,0.107915,0.072278,0.0232225,0.484196,0.0,0.0,0.0,0.13105,0.476506,0.107235,0.154478,0.684076,0.242554,0.0871415,0.027354,1.95178,0.064269,0.70594,0.230918,0.140651,0.250014,0.074037,0.046751,0.0609665,0.291926,0.018903,0.0,0.0,0.0224895,0.332293,0.520411,0.675924,0.358391,0.028794
DRD3,0.0,0.0,0.0,0.0,0.0,0.0,0.0,0.01463,0.03305,1.11987,0.0,0.0,0.029985,0.035098,0.009753,0.123699,5.51629,0.872349,0.0123075,0.016566,0.0,0.0,0.0,0.0,0.0,0.0,0.0,0.0,0.0,0.0,0.0,0.0,0.0,0.0,0.0,0.0,0.0,0.0,0.0,0.0,0.0,0.0443465,0.0,0.0,0.0,0.0,0.0,0.0,0.0,0.0,0.0,0.0,0.0,0.0,0.0,0.021936,0.129066,0.037233,0.054579,0.0,0.0,0.0,0.0,0.985581,0.0,0.0,0.0,0.0
AGTR1,72.7461,35.8469,34.0704,5.54968,9.21923,14.1523,20.0195,0.121737,0.091783,0.141963,0.195106,0.412448,0.123362,0.092741,0.142966,0.696234,0.134875,0.124942,0.188809,0.554851,41.1278,5.81259,0.012988,2.83784,3.4988,23.9226,7.93757,5.19492,0.29451,19.5079,11.3404,1.18157,9.17924,8.66984,5.96512,1.46002,5.35373,4.32337,28.698,29.4701,34.0562,17.5589,13.6997,3.78505,5.293,12.6007,2.82553,1.3802,0.942929,2.67834,1.66271,1.43625,4.8223,6.96868,15.1447,3.22232,0.828855,2.55277,6.14005,2.23451,3.65127,0.680534,15.898,2.34591,18.623,5.48839,5.06148,0.0385
P2RY14,8.05955,3.4383,0.243491,1.41589,2.58734,1.27977,11.3627,1.88461,2.24524,2.922,1.12552,1.10602,1.76604,2.42405,2.08403,1.70246,1.71475,3.49301,1.3147,2.62877,4.02592,0.0,0.042569,1.55364,1.5834,9.62678,10.3849,9.58364,5.43038,9.2379,6.77197,3.30519,5.17486,0.804748,1.15742,1.82427,0.326287,0.295747,0.054786,0.023188,0.028374,2.85126,7.19984,1.35826,1.60157,10.4677,0.570794,0.0960955,0.024709,0.680449,0.104675,1.36661,0.618168,1.9086,2.38246,10.2182,5.39824,7.14118,1.3635,8.51099,12.3517,3.18137,38.9507,0.361618,3.89184,1.63502,0.959043,0.865409
P2RY13,1.80771,2.20955,1.32089,1.00431,1.35792,0.570454,0.927247,2.52028,1.57066,1.96459,0.720375,0.42272,1.09179,1.41545,1.79745,2.30203,2.08916,1.53717,3.4665,3.43411,0.91108,0.0,0.030388,0.538806,0.809326,0.852387,1.47251,3.0066,2.41443,1.04667,0.665131,0.844554,0.669798,1.16723,0.313877,0.289277,0.274897,0.371051,0.554021,1.22673,1.76779,9.49479,5.91977,0.937356,0.125498,1.05239,0.339935,0.247844,0.19335,0.373094,0.309818,0.668308,1.02538,0.632779,0.572827,4.84231,9.44432,6.39071,73.3835,0.587693,0.658667,0.396974,0.981789,0.150903,0.622634,0.64006,0.547103,82.5745
P2RY1,2.83022,2.06961,1.61084,1.75103,2.01095,0.970602,3.89864,5.0633,3.86489,7.18862,0.959561,1.70099,3.64878,3.3112,2.74601,2.6158,16.0852,4.81876,1.50712,1.6846,1.46327,0.256557,1.67104,12.7447,11.2822,16.7256,11.654,8.27273,8.2578,9.97458,1.92702,24.2578,1.68921,2.76954,1.61692,1.20804,0.425382,0.283489,0.600646,0.262464,0.44316,7.8764,16.7772,1.75546,0.993636,8.52317,9.43964,1.67161,0.995934,44.6494,1.58331,1.27278,6.7049,12.1497,11.4097,5.28335,0.738037,2.68295,4.43239,0.869628,0.495786,0.262531,1.41944,1.77367,1.97653,12.5402,18.3309,0.419045
GHSR,0.0,0.0,0.0,0.0,0.0,0.0,0.0,0.0,0.0,0.0,0.0,0.0,0.0,0.0,0.021119,0.279033,0.109309,0.0,0.0,0.0,0.0,0.0,0.0,0.0,0.0,0.015694,0.0,0.0,0.0,0.0,0.0,0.0,0.0,0.0,0.0,0.0,0.0,0.0,0.0,0.0,0.0,0.0,0.0,0.0,0.0,0.0,0.0,0.0414295,0.0,2.00442,0.0426,6.03506,0.0,0.0,0.0,0.0,0.0,0.0,0.012779,0.0,0.0,0.0,0.0,0.0686805,0.0,0.0,0.0,0.026462
ADRA2C,25.7839,13.3921,3.88584,200.385,57.4685,133.956,6.68507,5.85485,6.91467,28.12,3.62704,3.29322,6.56628,6.48019,4.0152,4.04964,18.49,24.2947,1.47553,2.22126,13.4835,0.912226,0.04636,50.3763,132.079,3.47207,3.45868,3.06682,0.474532,3.66631,4.92973,2.65632,4.38669,34.483,2.52036,3.42632,14.0912,66.344,0.337077,0.061508,0.150954,6.65898,7.86246,1.87113,2.6138,10.5177,4.92079,2.49168,1.67188,5.3641,3.00891,8.05949,33.7137,7.13399,10.4451,3.95429,0.864687,4.21318,36.3402,1.84282,2.76142,0.207745,8.20999,8.92433,2.36343,71.5863,16.8408,0.064471
DRD5,0.0,0.0,0.0,0.0,0.040532,0.0,0.026687,0.591479,2.91693,1.09548,0.0,0.0,1.6958,2.16294,0.704201,1.14323,0.67515,1.32449,0.0825915,0.169372,0.0,0.0,0.0,0.0441035,0.032089,0.015427,0.036694,0.06132,0.0717895,0.0,0.0,0.042324,0.024432,0.034444,0.01715,0.0,0.0357725,0.0,0.0,0.0,0.0,0.0,0.055864,0.05978,0.0,0.0981855,0.040689,0.0,0.0,0.0,0.0,0.49574,0.286891,0.0,0.0,0.046768,0.0,0.036445,0.0,0.0,0.0,0.0,0.0,0.245755,0.0,0.0,0.055468,0.0
CCKAR,0.0,0.0,0.0,0.0,0.0349145,0.0,0.0,0.076005,0.038085,0.136709,0.0,0.0,0.057047,0.066416,0.0,0.508297,0.139185,0.063763,0.0,0.086167,0.0611525,0.0,0.0,0.0,0.0,0.071541,0.068261,0.0943795,0.0,0.608347,0.207032,0.0,1.02207,0.0,0.01745,0.0,0.0618485,0.0,0.0,0.0,0.0,0.0,0.0,0.071245,0.0,0.0,0.0,0.0,0.0,0.259505,0.033708,0.080886,0.0,0.0,0.0,0.0,0.0,0.0,0.0,12.7997,11.5625,9.25051,0.397476,0.310243,0.0,0.0,0.0,0.0
GNRHR,0.0671235,0.06482,0.175073,0.130902,0.143525,0.121277,0.145956,0.076897,0.125384,0.0972315,0.322894,0.370529,0.159479,0.161357,0.087669,0.143611,0.125965,0.0650425,0.109721,0.060629,0.106244,0.192135,0.387213,0.485616,0.197833,0.124897,0.081894,0.031788,0.043838,0.09205,0.112922,0.389258,0.107517,0.162938,0.047996,0.026654,0.0872895,0.166984,0.048803,0.031564,0.025647,0.129807,0.0897485,0.220078,0.019618,0.316227,0.210342,0.072667,0.058862,0.097891,0.0294775,17.1925,0.189218,0.065005,0.068069,0.104467,0.166677,0.113945,0.123083,0.089206,0.054091,0.037521,0.049267,0.15571,0.319647,0.177169,0.578916,0.0
NPFFR2,0.0,0.080013,0.0,0.059519,0.086022,0.030811,0.539261,0.260698,0.226353,0.181549,0.0,0.0,0.127191,0.240502,0.022005,0.430184,0.129339,0.05831,0.0,0.0,0.17224,0.0,0.0,0.0,0.0,0.03463,0.027513,0.0,0.0,0.036839,0.320926,0.0,0.359142,0.038108,0.020066,0.0,0.0142235,0.027492,0.0,0.0,0.0,0.0812905,0.0,0.058854,0.0,0.122819,0.017095,0.0,0.0,0.028347,0.0,0.195448,0.047708,0.083306,0.0289205,0.065672,0.045695,0.0382385,0.052737,0.03284,0.022882,0.0,0.0712685,0.660518,0.128541,0.0,0.0,0.0
NPY1R,30.7592,22.3325,32.3386,38.5148,10.8277,67.2888,2.27744,3.01805,4.70609,8.97702,1.03217,1.08428,8.50673,8.9691,2.80371,6.02723,12.8227,6.13955,1.78035,1.35472,17.4458,0.0573,0.018305,6.18617,10.0859,1.66665,3.44296,4.24095,6.2675,1.10675,4.38598,1.00289,3.00809,12.6544,3.40662,0.369959,15.128,34.1022,3.10773,2.11992,2.89535,22.6753,2.62799,19.9755,0.738244,6.95547,1.87929,7.06045,9.84808,5.28578,8.16265,5.02809,3.33437,10.0578,14.341,1.64049,0.571383,1.14891,142.059,1.5095,1.25063,0.450948,2.22939,2.6342,13.9164,13.2927,4.06122,0.031732
NPY5R,3.63938,2.40041,2.21859,3.07281,1.05253,4.38816,0.216917,0.589659,0.99633,1.94655,0.099216,0.09405,1.27266,1.94486,0.544437,1.07145,3.23596,1.21795,0.210718,0.23535,1.54322,0.0,0.0,0.405367,0.731039,0.151218,0.214934,0.243389,0.285001,0.068015,0.351859,0.067564,0.245599,0.990885,0.39806,0.0571185,0.961316,3.58835,0.213121,0.062131,0.151671,1.48502,0.210054,1.77672,0.052996,0.822616,0.094763,0.291023,0.33879,0.171994,0.273129,0.362442,0.202136,0.592273,0.985788,0.091985,0.035996,0.089182,5.84284,0.122977,0.090237,0.017455,0.179164,2.905,0.934106,0.900037,0.293473,0.0
MTNR1A,0.009152,0.005031,0.0,0.0242535,0.0180165,0.032816,0.008699,0.049436,0.09635,0.0699385,2.39747,1.93272,0.09337,0.112071,0.024521,0.047399,0.109475,0.0395145,0.027688,0.021108,0.011475,0.011356,0.0,0.006878,0.015744,0.029525,0.44213,0.871843,0.871689,0.055841,0.010298,0.0099125,0.010554,0.023795,0.0,0.0,0.51914,0.119701,0.0080595,0.0,0.010177,0.336365,0.017089,0.23971,0.0,0.02846,0.0,0.262141,0.17863,0.052138,0.237924,0.014126,0.022091,0.010549,0.010037,0.062174,0.011777,0.0924055,0.0,0.00893,0.0,0.0,0.0044485,0.847393,0.009435,0.010312,0.007411,0.0
PTGER4,17.5541,19.5463,6.53458,6.71797,8.67023,13.8698,10.8911,0.813799,0.415654,0.421567,0.160341,0.174161,0.342423,0.338565,0.64573,1.06088,0.507922,0.368569,5.55493,0.99491,12.8343,6.0254,1.86383,5.97647,8.35726,18.1548,20.7264,20.0089,19.1448,13.4298,7.48248,3.4738,6.8257,15.6396,2.65635,3.43823,8.44456,11.1141,0.780707,0.425187,0.509032,25.0986,28.93,6.06625,2.03153,13.7754,1.00549,13.7135,21.2214,8.64159,17.4448,2.17223,4.16148,7.12208,7.17958,20.0001,17.9777,21.1645,17.521,9.90269,10.0894,8.14015,6.61634,5.63138,7.90325,5.39739,5.38059,15.0078
HTR1A,0.0,0.0,0.0,0.0,0.0,0.0,0.0,1.53532,4.16457,0.37976,0.043634,0.036742,5.91116,5.73846,3.88867,1.20833,0.24213,0.096874,0.089645,0.152516,0.0,0.0,0.0,0.0,0.0,0.0,0.0,0.0,0.0,0.0,0.0,0.0,0.0,0.0,0.015146,0.0,0.0,0.0,0.0,0.0,0.0,0.0,0.0,0.0,0.0,0.0,0.323421,0.0,0.0,0.05382,0.0,0.062575,0.0,0.0,0.0,0.0,0.0,0.0,0.0,0.0,0.0,0.0,0.0,0.107823,0.0,0.0,0.0,0.0
HTR4,0.114839,0.071227,0.212453,2.86437,3.67837,1.56063,0.060703,0.089932,0.277268,0.601606,0.019228,0.026579,0.467677,0.48448,0.209422,0.204911,1.23037,0.293942,0.0710375,0.097718,0.053575,0.0,0.009649,0.0257405,0.034906,0.746067,1.29309,1.46251,1.48929,0.552093,0.084268,0.042399,0.048898,0.076114,2.43609,0.387311,0.007218,0.027635,0.0227595,0.044497,0.022357,0.405081,0.139151,0.044858,0.024666,0.074992,0.01158,0.014479,0.013046,0.025664,0.01361,0.705582,0.0264455,0.051845,0.0617875,1.94075,0.094167,1.16475,0.049588,0.05595,0.039995,0.032818,0.028364,0.0669915,0.13944,0.056154,0.0336095,0.007385
ADRB2,46.0255,35.7236,0.973276,4.91647,7.51741,4.25435,7.95173,2.09862,1.93544,1.59891,0.727909,0.946399,1.87965,1.59561,1.99824,1.40048,1.65066,1.42561,2.55063,2.31673,51.3607,1.74433,1.14686,15.5315,6.82069,4.91212,4.17822,3.00409,1.41385,6.00892,8.53024,15.5574,8.72993,6.8139,5.99687,4.39258,0.687727,3.37363,5.81405,7.03188,6.45021,8.83425,29.6857,8.54313,6.65089,11.3671,0.923582,0.599284,0.398759,3.93963,0.703611,0.799327,10.7063,55.7828,48.6908,6.46817,9.52222,5.53765,16.4413,5.33513,5.2712,3.54787,7.61827,0.949255,4.20887,7.02577,23.028,10.215
NMUR2,0.0276495,0.0,0.0,0.0,0.0,0.0,0.0,0.09861,0.132636,0.0796185,0.050832,0.073818,0.241017,0.16391,0.154823,0.558775,0.088941,0.114231,0.828732,0.269753,0.014473,0.0,0.024694,0.032591,0.108945,0.0,0.068743,0.0996025,0.087716,0.0,0.0,0.0588685,0.0,0.027148,0.013886,0.0115115,0.0,0.475084,0.0,0.0,0.0,0.045785,0.442583,0.0,0.0,0.325771,0.075226,0.0,0.0,0.103669,0.012867,0.206466,0.106992,0.0,0.0,0.107373,0.05143,0.0892055,0.0,0.058179,0.08076,0.083228,0.0,3.1336,0.876512,0.044217,0.0,0.0
ADRA1B,2.81599,5.29303,1.7993,29.212,2.92785,13.2694,0.528379,3.18588,8.33076,1.4725,1.0766,1.23219,8.39521,9.05198,1.96287,2.45667,1.19683,0.839231,0.338761,0.354058,2.09844,3.54857,0.034604,0.2673,0.938091,0.64695,0.829976,0.74214,0.469312,0.64329,1.44852,0.200749,1.16302,4.84355,1.21116,0.808341,1.88409,0.931332,6.61939,4.98187,4.82337,3.66538,5.20857,0.150079,0.18764,3.08384,3.8447,0.178346,0.071824,0.33805,0.164611,0.690939,0.623348,0.596958,1.02371,1.51941,0.272607,1.22623,16.6198,0.655951,0.604303,0.443436,0.718233,0.562195,2.21991,1.72114,0.405373,0.0
DRD1,0.361216,0.612714,0.367086,0.968251,0.311659,0.380927,1.42785,2.15809,3.73393,28.7365,0.253963,0.45106,4.46928,5.81803,1.15144,0.760688,34.5691,23.187,0.194066,0.24196,0.296565,0.0,0.0,0.563143,0.609102,0.185682,0.286366,0.1899,0.101727,0.035873,0.236455,0.158772,0.127465,0.644532,0.012718,0.0100715,0.0834745,0.920703,0.276708,0.197572,0.16155,1.09547,1.18588,0.11178,0.0252795,0.650658,0.123528,0.0287155,0.016604,0.207933,0.036422,0.252078,1.22653,0.111853,0.119096,0.416537,0.057396,0.329095,0.16699,0.245713,0.225877,0.022547,0.374408,0.100973,0.284526,0.462146,0.668055,0.0
HRH2,7.7676,6.24249,1.67951,4.78326,10.1198,7.49758,3.36473,2.69937,6.57597,14.3768,0.485212,0.688751,14.1775,14.3502,2.13694,1.57172,13.9746,12.2113,1.45381,1.39801,4.14669,0.0138205,0.107042,3.11673,3.85198,1.47771,1.36684,1.08823,0.688581,1.2968,2.21086,1.10142,2.2403,3.99619,7.57566,12.0328,1.27559,2.21268,0.463246,0.48856,0.602795,14.1054,10.9983,1.71723,0.401373,4.3533,0.977966,0.318549,0.164912,0.43114,0.368506,0.989559,6.21311,1.38501,2.47782,2.76843,3.5374,2.64502,26.4783,18.8095,23.823,26.2343,4.04901,1.09589,2.44554,3.45953,2.64444,133.155
GLP1R,0.107359,0.085728,0.041628,0.015675,0.097781,0.20906,0.034213,0.071195,0.169539,1.51888,0.108451,0.119052,0.286165,0.124558,0.120588,1.2249,0.883493,0.987478,0.079885,0.022515,0.189684,0.0,0.012607,0.0335355,0.036749,0.036688,0.059548,0.049483,0.041482,0.024401,0.023613,0.04354,0.016811,0.029969,2.0755,0.820778,0.0612065,0.139408,0.0062785,0.0,0.0,0.090648,0.48681,0.411007,0.0086625,1.39947,0.006106,6.5647,5.93558,29.3526,5.14558,0.049733,0.140154,0.235715,0.340352,0.122238,0.186781,0.106257,0.063458,0.647877,0.512292,0.397854,0.668725,0.733333,0.475878,0.031792,0.035999,0.040087
HCRTR2,0.0304855,0.034216,0.0,0.0,0.0560615,0.0,0.0,0.169179,0.283754,0.071481,0.050372,0.050422,0.310414,0.391562,0.048925,0.797531,0.239765,0.064396,0.0400375,0.22926,0.0,0.0,0.0,0.0,0.062503,0.0,0.0,0.0,0.0,0.0,0.0,0.0,0.0,0.0,0.107683,0.024741,0.028307,0.140137,0.0,0.0,0.0,0.047738,0.080681,0.0,0.0,0.0261995,0.128429,0.0,0.0,0.032879,0.0,0.046121,0.0,0.0,0.0,0.0,0.0,0.0,0.0,0.0,0.0,0.0,0.0,0.491222,0.0,0.0,0.0,0.0
HTR1B,0.848119,0.274446,0.061603,10.1262,9.74091,17.8433,1.99776,0.368452,0.731065,1.29846,0.118677,0.269936,1.15767,1.27753,0.253206,0.683633,2.91105,0.954341,0.210267,0.300505,0.37806,7.66957,0.0,0.50237,0.492541,0.132262,0.1517,0.10226,0.022015,0.067968,1.7708,0.097735,1.94109,0.558133,0.0218,0.0228275,0.0999895,0.873681,0.012718,0.0,0.0,0.395175,0.685086,0.06253,0.0445915,0.609881,0.318614,0.0362805,0.029839,0.037661,0.0382265,0.316219,0.37105,0.10045,0.280273,0.197168,0.066814,0.130588,0.103791,1.01891,1.09217,0.983662,0.0613245,1.39061,0.374706,0.728534,0.466751,0.0
HTR1E,0.0,0.0,0.0,0.0,0.0,0.0,0.0,0.805223,2.66591,2.42173,2.25217,1.85276,4.26038,5.70405,0.831107,1.39996,3.32255,1.79824,0.091718,0.309447,0.0,0.0,0.0,0.139795,0.559193,0.095666,0.019594,0.018917,0.0,0.110252,0.452421,0.0,0.54905,0.0,0.0,0.0,0.0,0.0,0.0,0.0,0.0,0.0,0.0,0.0,0.0,0.0,2.12049,0.0349425,0.038315,0.088383,0.030004,0.058453,0.0442645,0.042611,0.0,0.0,0.0,0.0,0.0,1.57928,1.84938,2.07468,0.039,0.709332,0.375067,0.523335,0.0,0.0
MCHR2,0.0,0.0,0.0,0.0,0.0,0.0,0.027752,0.783739,3.23814,0.300798,0.0,0.0,6.32017,8.27592,0.01887,0.126155,0.693425,0.245815,0.0,0.053148,0.0,0.0,0.0,0.0,0.0,0.037546,0.036057,0.0226565,0.0,0.010288,0.0,0.0,0.0,0.0,0.0,0.0,0.0,0.0,0.0,0.0,0.0,0.010656,0.0,0.0,0.0,0.0,0.0,0.0,0.0,0.0,0.0,0.0,0.0,0.0,0.0,0.03163,0.0,0.026715,0.0,0.0,0.0,0.0,0.0,0.307471,0.0,0.0,0.0,0.0
NMBR,0.0325975,0.042484,0.024801,0.0955735,0.0840355,0.092331,0.048202,0.245523,0.20677,0.516958,0.07177,0.0763885,0.211511,0.298511,0.152395,0.461247,0.531804,0.372675,0.191395,0.164062,0.0654755,0.046883,0.009722,0.0801525,0.099561,0.12286,0.037822,0.0,0.0,0.117258,0.096946,0.0107915,0.091807,0.127122,0.020537,0.0,0.032349,0.030184,0.0,0.0,0.0,0.059819,0.0830605,0.030056,0.0,0.289414,0.110855,0.0140165,0.0,0.052283,0.0173255,0.072706,0.0662755,0.028942,0.027229,0.023321,0.018551,0.0,0.031173,0.03032,0.050253,0.0,0.328438,1.45637,0.0962005,0.1119,0.056034,0.0
CCR6,0.283908,0.340284,0.206394,0.234588,0.330655,0.220272,0.394316,0.408056,0.635315,0.521709,0.180045,0.212388,0.669302,0.829158,0.430728,0.491059,0.865043,0.326521,0.139855,0.254726,0.339353,0.0,31.6916,0.470686,0.339702,0.286254,0.719561,1.24583,1.39457,0.378184,0.187745,0.604247,0.193827,0.719505,0.050568,0.024778,0.514172,0.634061,0.25608,0.230911,0.27498,7.41162,1.07058,0.352306,0.016819,0.337707,0.332862,0.103902,0.13427,0.336491,0.0904425,0.575704,0.491148,0.66054,0.542727,5.10592,52.3399,16.5629,19.4557,0.410926,0.547568,0.373594,0.38312,6.58832,1.17444,0.21575,0.305485,1.76794
CRHR2,0.587242,0.721325,0.059265,0.262147,0.496734,0.192985,0.584874,0.336588,1.05495,0.948662,0.279008,0.347005,3.38997,3.29022,0.331663,1.71784,1.33984,0.895949,0.19264,0.245592,0.908236,0.0329585,0.078414,0.511944,0.747133,0.327838,0.319076,0.231068,0.220314,0.147322,0.540081,0.27419,0.624471,0.901612,0.486883,1.01691,0.0449255,1.90201,0.02736,0.0,0.009677,0.069132,0.194194,0.353676,0.399179,0.503789,0.769346,0.652417,1.08198,1.19504,1.18321,7.58546,0.351737,0.366911,0.329338,0.466355,0.185728,0.233325,0.050212,0.221963,0.132529,0.077222,0.200379,1.88015,1.51416,0.675533,0.392004,0.012771
ADCYAP1R1,4.2098,10.4852,0.280602,0.434497,1.85474,0.276838,2.89034,50.5535,54.5827,54.4866,53.1316,57.9272,49.7369,43.4027,28.1483,54.9046,58.9663,30.7385,14.6825,45.7646,6.21379,0.049933,0.013354,5.70474,9.92761,11.9859,3.43205,1.62403,0.0938965,8.35047,13.5279,1.04024,9.39707,20.2605,1.20292,1.65558,0.029645,0.059873,0.118545,0.087768,0.047545,1.03019,1.26256,2.95123,0.377125,1.1222,2.28445,0.60778,0.33509,0.106227,0.59518,9.05317,2.83207,1.45748,1.39677,1.98578,0.521613,1.41384,0.294508,1.24038,2.24675,0.069558,10.8076,2.07274,3.97731,5.94623,6.49362,0.023192
CHRM2,0.003598,0.024158,0.017112,0.0089835,0.030611,0.005858,13.0587,0.146679,0.506141,0.37579,0.144391,0.121641,0.395807,0.773668,0.141655,1.03382,0.186806,0.397545,0.084527,0.142822,0.01027,0.228965,0.003965,0.188925,0.383226,29.899,7.76336,5.81126,0.0190985,28.5591,7.10915,0.0356165,2.91206,0.17784,10.8057,7.51638,0.0,0.003589,0.166068,0.042175,0.114416,0.218575,0.971519,0.007791,0.0050565,0.0044115,0.045411,0.0087875,0.0,0.036223,0.007206,0.038443,0.0705545,0.012875,0.019366,0.14372,0.017269,0.906442,0.006028,0.519255,3.26462,0.099874,19.6232,0.665992,0.0114795,0.163478,0.299159,0.0
ADRA1A,2.12393,2.37716,0.066428,0.183861,0.377059,1.24757,0.444001,0.78859,1.16719,0.571909,0.497835,1.31658,1.03612,0.956288,0.765594,0.726878,0.335423,0.506181,0.339239,0.462418,1.90296,0.063252,0.004857,0.262226,0.859157,1.19985,0.582387,0.247937,0.113886,0.343509,0.843817,0.170958,0.321739,0.145417,0.096721,2.30389,0.0650635,0.156255,13.7034,10.1157,10.8436,1.98801,3.80844,0.592093,0.070504,0.106493,0.451828,0.02319,0.0,0.0,0.023909,0.057697,2.43036,0.335261,0.446,0.938821,0.716532,0.520535,3.39593,0.47426,0.300369,0.138896,0.562827,0.846437,0.189865,0.674653,0.136124,0.006504
ADRB3,0.068633,0.219336,0.033151,0.008218,0.032012,0.0,10.7837,0.10059,0.109341,0.027049,0.0,0.0,0.205095,0.144467,0.065697,0.046681,0.040006,0.026583,0.0,0.0,0.0951895,0.0,0.0,0.08426,0.517503,3.93788,1.37197,0.842381,0.076306,5.00516,5.64432,0.20159,9.3411,12.9559,0.02015,0.0094365,0.0208855,0.101043,0.0,0.0,0.0,0.035129,0.147866,0.0,0.0,0.0,29.9931,0.0,0.0,0.0,0.0,0.022972,0.699425,0.028203,0.022816,0.458238,0.148558,0.240034,0.025197,0.617352,1.84674,0.05357,15.9288,0.105047,0.0,1.28963,0.256893,0.0
NPBWR1,0.0588295,0.019675,0.0,0.0,0.0,0.0,0.230948,0.188732,0.671914,0.0201145,0.034852,0.034914,0.672714,0.64443,0.074618,0.776381,0.029608,0.010896,0.0146185,0.021108,0.021483,0.0,0.0,0.190949,0.050297,0.0,0.010896,0.01268,0.0,0.0,0.017492,0.0207295,0.022834,0.0,0.0,0.0,0.0121545,0.017705,0.875229,0.687751,0.945603,0.511675,0.0625265,0.172514,0.00603,0.0165085,0.0,0.0,0.0,0.0,0.0,0.530692,0.101953,0.695711,0.484623,0.095068,0.353295,0.13634,0.147153,0.029284,0.023546,0.017109,0.0,0.260871,0.02052,0.0,0.0555965,0.0
OPRK1,0.199165,0.0,0.0,0.131696,0.023151,0.031789,0.021512,1.39664,1.99272,1.60061,0.919314,1.05242,1.26915,1.54473,0.426328,2.65541,4.58353,0.615364,0.089811,0.285362,0.0251745,0.0,0.0,0.0,0.015073,0.083663,0.027029,0.0205565,0.0,0.102012,0.011805,0.0,0.0,0.0,0.094206,0.01935,0.0,0.0,0.0,0.0,0.0,0.0047055,0.021376,0.020377,0.0117035,0.0,0.018007,0.0,0.0,0.022743,0.0,0.188779,0.422789,0.011413,0.0153385,0.007549,0.0,0.003318,0.014004,0.014202,0.009174,0.0,0.0709625,0.856528,0.0551175,0.0,0.0,0.0
TRHR,0.049038,0.036809,0.0,0.0210765,0.0374405,0.034646,0.022534,0.014522,0.0,0.0,0.0,0.012146,0.0,0.0,0.012498,0.040991,0.008834,0.0,0.0,0.0,0.04344,0.0387085,0.020084,0.0264365,0.038292,0.018545,0.014106,0.0,0.0,0.0,0.033064,0.0,0.027529,0.041013,0.031952,0.0123705,0.0,0.0,0.0,0.0,0.0,0.0317965,0.0395775,0.038481,0.036036,0.0669365,0.03783,0.0054745,0.0,0.017449,0.0,0.933768,0.023097,0.012006,0.0210125,0.024426,0.017645,0.0203955,0.032014,0.014918,0.0,0.0,0.0,0.026242,0.066288,0.052241,0.029436,0.0
S1PR3,5.26553,8.04801,11.6654,33.9613,38.6154,29.7543,10.6271,1.19729,1.41409,1.71388,0.539838,0.632984,1.41506,1.46865,1.49766,1.55041,1.16197,1.76603,2.55593,2.15091,4.58908,17.6253,0.025733,14.2108,18.7289,8.66887,4.09797,2.29713,0.451131,6.58639,41.1006,2.40332,53.7511,24.0794,5.23263,3.83564,5.17694,16.77,1.41383,0.763802,0.995415,11.3979,6.64986,1.97761,1.09892,8.74286,1.46749,1.06943,0.447387,1.16933,0.61309,11.85,12.2817,1.58691,1.78617,4.6671,4.63715,5.79825,6.99525,3.2642,5.06742,1.21814,13.622,1.16364,3.74703,12.198,14.2441,1.00354
LPAR1,47.5301,32.4316,11.5793,72.6312,44.5234,69.3616,44.06,103.696,29.1598,69.8005,17.5904,15.3005,30.9814,40.1491,117.573,62.5315,43.6644,118.131,254.571,147.038,40.5165,187.985,0.190996,57.4656,53.7584,34.1098,20.3118,14.7545,8.34697,15.1757,33.013,13.7384,27.7246,24.8583,18.5241,4.29979,4.33986,14.2297,0.774505,0.145696,0.453202,12.9847,29.2918,21.4498,3.76464,157.978,16.1494,3.07615,2.05569,4.69889,3.74894,4.27515,34.6701,23.9302,29.0665,23.461,19.6716,22.5213,19.8779,9.72238,10.332,3.5616,16.8275,8.83825,32.2094,25.3,52.7904,0.737614
TACR2,1.11832,0.734812,0.300572,1.18146,1.26259,1.64466,42.1319,0.69877,1.04458,0.759408,1.22396,1.2214,1.1288,1.28748,0.576612,0.610564,1.06797,0.522224,0.311025,0.418982,0.910709,0.36104,0.135762,1.06,4.33525,246.983,57.6888,39.2948,1.32443,256.81,101.181,7.66536,70.5655,36.1526,0.895123,0.465228,0.209165,0.382236,0.0703095,0.068802,0.085181,0.443098,0.91927,0.409502,1.37589,1.03864,1.88761,0.107076,0.136803,0.051688,0.0782655,0.364452,3.18549,0.933912,1.14073,6.94029,1.74368,5.82689,0.358067,2.59955,22.436,0.583211,183.166,1.09713,0.57857,20.6486,6.79655,0.140402
NPFFR1,0.0135585,0.1966,0.022238,0.026859,0.032469,0.010625,0.074698,0.793177,1.12312,0.421665,11.3928,10.4845,0.979536,0.98595,0.838307,2.16363,1.91923,0.35387,2.23964,0.902743,0.0700225,0.0066795,0.017143,0.406952,0.107084,0.035467,0.04157,0.025439,0.0237205,0.016531,0.040417,0.0679325,0.021867,0.26335,0.012043,0.002726,0.025494,0.01921,0.003305,0.0,0.0,0.098888,0.152951,0.141044,0.0046975,3.7106,0.134528,0.005071,0.003087,0.0,0.00281,0.075768,0.102858,0.179436,0.176331,0.098572,0.231387,0.203353,0.058883,0.017319,0.008221,0.002378,0.0143325,2.22174,0.105082,0.053014,0.379726,0.001417
FFAR4,2.26151,2.1721,0.270114,0.127656,0.318579,0.05265,0.165928,0.328522,1.01972,0.118647,0.034934,0.0275505,1.74811,1.73365,0.296977,0.703099,0.336579,0.0667585,0.295697,0.202774,0.904455,0.0,0.0,0.09296,0.072145,0.095207,3.98529,11.82,11.9717,1.07879,0.112999,0.131678,0.096301,0.148676,0.046469,0.0155995,0.023212,0.057302,0.104283,0.052812,0.080198,0.270938,1.8369,0.175109,0.014433,0.229895,0.019814,0.385908,0.263832,4.01302,0.405131,19.1657,0.101942,0.474514,0.493253,0.483158,0.024914,0.591248,0.098975,0.188489,0.215419,0.176317,0.0244495,2.69268,0.114361,0.040469,0.096542,0.059086
ADRA2A,93.0518,40.6088,1.97202,3.94221,7.83102,12.4503,25.327,1.45064,2.97566,0.567093,9.43924,12.4882,5.03137,4.81207,1.2938,6.24652,0.535446,0.319035,0.97939,1.74261,57.3835,0.116717,0.038835,69.1815,66.6012,6.93662,9.65181,11.6439,10.9175,3.92354,4.21003,3.26971,3.76975,9.75154,1.6101,0.581332,2.0412,7.01654,0.569006,0.103591,0.37615,26.5017,7.32199,9.8125,0.606868,23.8567,39.706,18.0289,14.9869,18.806,18.7637,3.35567,12.0707,10.6663,18.6239,7.0281,2.15128,7.1382,14.226,2.23303,1.66585,0.478045,2.47368,12.5902,19.7431,13.2898,39.7287,0.200926
ADRB1,1.96514,5.33772,0.134601,0.161578,2.18049,0.100715,0.884951,3.84958,6.65118,6.73442,0.908151,1.44703,11.41,11.075,2.95926,2.15876,12.8635,5.92161,0.73174,2.85722,2.19559,0.0138225,0.697521,0.137355,0.155234,3.43416,1.93588,1.36583,0.780047,3.08989,3.32341,0.671358,4.60395,0.204894,14.0046,13.7187,0.936845,0.789261,0.184718,0.057878,0.106764,2.87508,23.801,0.345305,0.118091,0.211097,0.132254,0.492741,0.555785,1.31539,0.449804,0.29644,5.76202,0.589868,0.494718,2.93498,1.53105,1.99334,2.54024,0.900403,0.900512,0.839279,0.23858,1.19892,1.07442,0.150973,0.275613,0.134444
DRD4,1.71198,1.38676,0.931898,2.18285,1.82035,2.148,3.15044,1.82554,1.92421,2.12886,5.97616,7.03674,2.8154,2.10821,2.18227,2.6337,2.25749,1.95944,2.22965,1.50348,1.51461,0.361755,0.338161,2.79534,4.5536,3.18268,1.36285,1.35294,0.961995,3.71614,3.17174,1.24904,3.07021,4.87997,0.546748,0.337056,1.27227,0.960965,0.887067,0.441993,0.310468,2.62016,1.90574,0.883763,0.655522,4.50524,7.1516,0.927937,1.12233,0.825092,0.948036,7.71553,4.30166,2.45408,2.21498,1.75981,1.87692,1.76034,1.12889,1.03957,1.38801,1.04921,2.73334,6.36245,3.94728,4.70571,3.11647,0.385107
CCKBR,0.052104,0.076528,0.099897,0.0292505,0.0588205,0.029714,0.029606,6.84014,16.2907,2.12979,24.6958,24.8235,22.6245,23.5875,2.88772,1.04896,4.79775,1.29757,0.391034,0.515401,0.0506285,0.0,0.0,0.0416885,0.1228,0.117638,0.114521,0.0653095,0.0059885,0.278824,0.569631,0.03718,0.248988,0.15807,0.024458,0.0097145,0.0211635,0.060626,0.0094835,0.017583,0.016048,0.0,0.0482055,0.050512,0.0,0.442774,0.114784,3.85614,8.85323,7.30804,5.74925,1.09914,0.167798,0.541409,0.519306,0.019291,0.022087,0.0,0.011574,39.5989,51.0139,56.2423,3.19154,1.04892,0.279656,0.102317,0.047492,0.033778
MRGPRX1,0.0,0.0,0.0,0.0,0.0,0.0,0.0,0.0,0.0,0.0,0.0,0.0,0.0,0.0,0.0,0.0,0.0,0.0,0.0,0.0,0.0,0.0,0.0,0.0,0.0,0.0,0.0,0.0,0.0,0.0,0.0,0.0,0.0,0.0,0.0,0.0,0.0,0.0,0.0,0.0,0.0,0.012391,0.0,0.0,0.0,0.0,0.0,0.0,0.0,0.0,0.0,0.0,0.0,0.0,0.0,0.0,0.0,0.0,0.0,0.0,0.0,0.0,0.0,0.036596,0.0,0.0,0.0,0.0
MRGPRX2,0.827843,0.081321,0.0,0.0,0.0,0.0,0.810776,0.0,0.0,0.0,0.0,0.0,0.0,0.0,0.0,0.0,0.0,0.0,0.0,0.0,0.238732,0.0,0.021632,0.26971,0.041247,0.103598,0.086584,0.135863,0.0,0.066646,0.475153,0.082798,0.423124,0.078396,0.0,0.0087005,0.0,0.0,0.0,0.0,0.0,0.0180725,0.0351735,0.204696,0.0276605,0.30908,0.0,0.0,0.027561,0.0,0.0,0.0,0.0,1.19863,1.11296,0.141553,0.0,0.0797755,0.034594,0.053798,0.073396,0.0,0.207404,0.29334,0.0,0.053828,0.288748,0.0
CHRM4,0.304871,0.179895,0.164058,0.279624,0.218473,0.337621,0.217242,2.95964,5.66708,26.6037,0.55289,0.657215,11.2813,10.5932,4.01806,1.99548,22.4,21.1991,0.325334,0.553542,0.345571,0.0901765,0.332411,0.219104,0.270648,3.81163,1.49034,1.57,0.373928,3.1057,0.797387,0.0932205,1.00042,0.327689,0.164138,0.0519555,0.0786405,0.061752,0.035097,0.026557,0.047527,0.202626,0.290197,0.188517,0.048605,0.300125,0.207683,0.122361,0.094639,1.05659,0.109388,2.783,0.21543,2.9461,3.50911,6.56188,0.453808,5.15171,16.9132,0.528268,0.635071,0.271127,2.51086,17.6682,0.214725,0.350121,0.173788,0.187615
APLNR,16.0933,8.35704,5.0025,3.15126,9.89736,2.53561,1.67225,28.1743,14.0952,6.10106,5.63725,9.80993,18.6093,6.88193,28.9731,36.9207,7.42661,2.16519,86.0159,31.5855,8.03936,0.0760095,0.019085,1.48957,0.71713,4.49811,5.52561,3.70363,1.86425,2.06358,5.5245,2.21653,6.38457,1.69292,15.9235,9.53833,3.65023,2.87014,6.05593,3.53634,4.19599,10.848,4.10343,4.2323,2.83183,6.48154,0.452591,0.86999,0.645978,0.935131,1.142,3.27429,0.654061,3.35205,4.56438,5.00289,1.90757,2.9208,112.696,2.60661,1.41483,0.92721,1.7053,1.4414,19.431,1.20218,1.50295,0.047718
CHRM1,0.0196315,0.033257,0.063872,0.018806,0.021761,0.074183,0.043101,14.7898,27.7249,25.7884,0.192919,0.182595,51.4236,50.6769,19.7209,1.53056,38.673,22.1371,0.277206,0.513036,0.499853,0.0192345,0.0,0.045015,0.107169,0.644136,0.587425,0.421257,0.409198,0.402721,0.230484,0.0412915,0.227645,0.110003,0.030485,0.018313,0.127929,0.102776,0.0,0.0,0.0,0.111477,2.1121,17.81,0.011415,0.0507385,0.021388,0.0663245,0.053676,0.038841,0.0683105,0.04728,26.3581,3.00903,4.06656,0.402283,0.046096,0.258691,0.00999,0.573113,0.513968,0.347316,0.815926,0.160343,0.122413,0.062078,0.044705,0.014921
P2RY2,0.459125,0.619787,2.6667,2.29313,3.30095,1.33718,1.28796,0.4315,0.338213,0.731633,0.094734,0.161948,0.418625,0.348867,0.441679,0.213852,0.305773,0.954664,0.191808,0.592967,1.46712,0.0385615,0.077471,13.9807,0.734265,0.306114,2.00033,3.19914,3.40244,0.414129,0.405278,27.0826,0.343671,0.989344,2.04176,3.55033,0.645787,1.99107,1.27991,1.71999,1.54624,0.925696,4.23181,1.9029,19.2898,4.28444,0.481916,0.244629,0.186718,0.280889,0.23189,1.4767,1.74339,5.07995,3.94068,3.01667,0.434056,3.84716,4.14849,0.75085,0.892441,0.727122,0.254605,1.265,14.1666,0.56567,21.2252,3.88704
MTNR1B,0.0,0.0,0.0,0.0,0.0,0.0,0.0,0.011616,0.0,0.0386725,0.0,0.0,0.0,0.0,0.0,0.031631,0.13619,0.0,0.0,0.0,0.0,0.0,0.0,0.0,0.0,0.0,0.0,0.0,0.013462,0.0,0.0,0.0,0.0,0.0,0.0,0.0,0.0,0.0,0.0,0.0,0.0,0.0184915,0.0,0.0,0.0,0.0,0.0,0.0,0.0,0.17491,0.0,0.0,0.0,0.0,0.0,0.0,0.0,0.0,0.0,0.0,0.0,0.0,0.0,0.644933,0.0,0.0,0.0,0.0
DRD2,0.27847,0.148223,0.131232,0.651331,0.180195,0.104503,0.221658,1.73725,0.86552,41.7555,0.91296,1.06112,1.23273,1.06928,1.04759,7.04777,54.6776,47.318,0.678055,8.29562,0.734507,0.0,0.023833,0.434418,1.89304,0.511948,0.295259,0.143368,0.103256,0.242254,0.352543,0.149996,0.313567,0.919453,0.048636,0.0282225,0.276503,0.224842,0.0129225,0.0,0.0,0.244847,0.110813,11.9903,0.332952,4.20555,0.247622,0.06473,0.06392,0.339285,0.050327,85.7562,0.934478,0.640461,0.854856,0.2608,0.049805,0.168839,0.03568,0.085046,0.073604,0.018716,0.247872,1.79468,0.0654545,0.707061,0.514171,0.0
CXCR5,0.164542,0.116269,0.0,0.356324,0.320934,0.424919,0.221446,0.0,0.0,0.0,0.0,0.0,0.0,0.0,0.0,0.0,0.0,0.0,0.0,0.0,0.125587,0.0,2.73701,0.101106,0.097788,0.133127,0.237783,0.215943,0.268651,0.214532,0.112912,0.124519,0.093278,0.183132,0.0,0.0,0.0,0.0,0.0,0.0,0.0,0.709523,0.322475,0.0,0.057258,0.123627,0.0,0.047494,0.0,0.0,0.0,0.0,0.165096,0.106083,0.121874,4.02222,45.9049,17.4512,21.5081,0.109225,0.07409,0.0,0.0388885,0.133514,0.118677,0.10957,0.11423,4.49407
AVPR1A,24.536,24.9251,37.8219,1.6342,5.22256,45.9094,4.3415,0.152419,0.225131,0.101741,0.060406,0.0793455,0.217149,0.240539,0.169633,0.278594,0.080295,0.066264,0.0930455,0.144088,15.1956,0.0219985,0.023789,6.4128,18.346,2.85392,1.69625,0.89375,0.171858,1.16102,3.40639,0.880363,3.05454,8.60665,0.520891,1.04855,2.32147,1.10965,10.2654,25.6139,22.039,7.44858,0.754752,1.85987,1.17861,4.24647,1.25785,0.601281,0.247355,0.420143,0.446391,0.991421,3.10725,2.04674,3.1795,1.17094,0.441698,0.771931,0.553055,1.6173,1.61351,0.266731,3.20912,0.717981,14.8638,11.2029,5.05413,0.053442
HCAR2,9.09459,12.5824,0.119545,0.367849,1.15645,0.172769,2.84006,0.083978,0.106455,0.098718,0.104914,0.132306,0.113097,0.082544,0.108567,0.126649,0.091271,0.096838,0.218339,0.125226,7.02987,0.166852,0.505631,7.35494,0.366646,0.148258,0.427826,0.381046,0.343809,0.107007,0.181459,41.3503,0.119888,0.672032,0.302888,0.087507,2.99799,1.67347,0.582016,0.202475,0.218642,1.88407,9.67513,11.6129,0.084133,0.729186,0.173646,0.039791,0.027159,0.0,0.0420695,0.409293,2.64325,32.295,29.71,0.320059,0.128657,0.29976,19.7924,0.664092,0.69842,0.788716,0.194183,4.80655,0.665706,0.21415,17.6901,122.12
HCAR3,1.57443,2.51843,0.058737,0.189386,0.335956,0.106778,1.08964,0.042504,0.059559,0.050508,0.04546,0.0528155,0.076613,0.0,0.051022,0.06377,0.033886,0.0470525,0.0988585,0.058102,2.36624,0.0,2.96406,1.22039,0.224456,0.047305,0.096184,0.136549,0.075309,0.048992,0.079014,11.4036,0.030935,0.429729,0.181014,0.0503805,0.688973,0.69363,0.446316,0.080495,0.173934,0.495077,5.17275,1.04728,0.0,0.204026,0.060739,0.0,0.0,0.0,0.0,0.170225,0.742769,11.4361,9.77588,0.113248,0.253683,0.098844,14.1993,0.208894,0.101517,0.164342,0.0,0.307305,0.415973,0.111954,3.64903,123.499
LPAR6,31.928,35.5021,15.1721,20.8606,25.1691,10.8537,20.3542,4.94769,3.51912,4.51456,2.09436,2.20463,3.52698,3.25649,5.69515,6.87003,3.7954,3.85239,16.2939,8.17655,34.6616,4.97554,9.33887,60.6039,27.3323,12.2391,11.5275,13.282,11.2633,6.42307,9.7131,56.3983,9.60167,24.2806,8.99888,5.93311,13.1918,16.8977,5.12636,3.76024,3.65244,59.8934,34.7847,49.4957,2.60049,34.4861,12.844,2.71023,3.5564,4.91799,3.86159,14.9162,58.8801,19.8812,18.8176,16.4485,35.1814,19.7733,30.6577,6.85452,6.39228,5.31213,5.20515,18.7358,29.9751,25.9471,68.4941,7.06938
CYSLTR2,0.375992,0.792843,7.42178,0.592327,1.07721,0.262484,0.119867,1.54567,1.86813,1.79376,0.85293,0.711844,1.25681,1.69319,1.92791,1.6941,1.23931,1.84563,1.26953,1.68696,0.280034,0.0,0.710969,0.529109,0.806769,0.630104,0.562217,0.364807,0.243356,0.383823,0.352168,0.259255,0.284777,0.950963,5.08224,2.88909,0.238191,0.665871,0.120591,0.045616,0.053877,2.52418,1.0145,0.167687,0.029495,0.369906,1.26335,0.034671,0.012459,0.171426,0.032256,0.404592,0.678365,0.746081,0.753674,1.38466,2.42508,1.93058,3.323,0.146554,0.135502,0.052528,0.54477,0.464448,0.436376,0.435329,0.556136,0.70342
MLNR,0.0,0.0,0.0,0.0,0.0,0.0,0.0,0.0,0.0,0.0,0.0,0.0,0.0,0.0,0.0,0.0,0.0,0.0,0.0,0.0,0.0,0.0,0.0,0.0,0.082485,0.045888,0.0,0.0,0.0,0.0,0.067011,0.0,0.0,0.0,0.0,0.0,0.0,0.035584,0.0,0.0,0.0,0.0,0.0,0.0,0.0,0.084827,0.0,0.0,0.0,0.0,0.0,0.100487,0.0,0.0,0.0,0.0,0.0,0.0,0.0,0.148009,0.160228,0.031995,0.391177,0.0951895,0.253026,0.0,0.0,0.067489
OXGR1,1.33564,0.525205,0.037707,0.157108,0.315372,0.23839,0.620076,0.249113,0.432851,0.119303,0.042374,0.0526545,0.7641,1.16556,0.233691,0.311479,0.111722,0.0943805,0.852484,0.253703,1.06598,0.198202,0.0,0.724401,0.801342,0.32436,1.10114,1.24937,1.33738,0.27531,0.386814,1.11818,0.358625,1.1488,0.057335,0.0593345,2.05718,2.82842,0.0,0.0,0.0,0.557481,0.571423,3.05413,0.0928095,0.856378,0.096981,0.162484,0.160774,19.3909,0.264865,0.399403,0.376624,1.9064,2.80704,0.475458,0.122321,0.288282,0.295743,0.151838,0.165353,0.076811,0.263599,0.202112,0.73166,0.799044,0.731572,0.016716
GPR183,24.5167,25.1526,6.08905,22.7009,21.9052,18.1053,15.8976,1.44411,0.904375,1.58307,0.479967,0.461603,0.737952,0.902329,2.13368,4.2838,0.932121,0.72109,33.4974,3.19558,11.6929,0.0839635,136.727,9.26067,7.84624,27.3171,14.7608,15.4326,6.68208,21.2728,12.2645,3.78745,17.2527,13.3426,9.14629,0.895947,1.95147,1.56312,1.7297,0.521937,0.890571,51.9346,38.6363,7.21371,1.24395,42.6171,6.14143,0.963911,0.635525,0.840814,1.106,6.26168,8.88669,7.8488,9.15236,26.8308,184.609,72.0187,47.6615,5.7537,6.93988,2.36793,18.6101,2.88104,7.95576,5.1172,9.18903,34.6189
LTB4R,16.396,13.6117,9.06487,6.58361,8.78872,4.6374,7.27226,1.19458,1.17503,2.40525,6.22926,7.03079,1.91821,1.48598,1.63941,1.94762,2.47362,1.97621,2.87159,1.66708,15.5608,6.70049,14.6126,42.7529,11.4918,6.19881,6.86638,6.57157,8.37043,7.97409,5.51277,97.4431,5.62669,15.0006,2.7202,1.83373,5.80409,6.75798,8.06057,7.88165,5.78323,35.9022,24.9666,22.2342,2.67805,15.7991,13.4189,3.56078,6.46007,6.45476,5.0221,15.1149,21.5126,118.784,107.301,15.5746,39.0446,20.7393,54.4051,5.90446,5.8363,4.92182,6.8882,14.049,17.1852,10.4924,60.3157,82.0141
PTGDR,3.35198,1.91782,0.260226,0.963883,1.67019,1.25571,1.28614,0.117523,0.094227,0.314353,0.052454,0.111276,0.239524,0.152952,0.129948,0.260624,0.228377,0.190508,0.582891,0.197839,1.93153,0.278217,0.0,3.2815,4.19651,0.759562,6.96076,7.93252,10.484,0.607556,0.960839,0.32455,0.80226,3.23995,0.658011,0.934566,0.389589,0.428433,0.577367,0.294614,0.367043,9.68352,3.17051,0.855052,0.20456,4.49627,0.990931,0.16348,0.076439,0.095825,0.186385,1.51942,1.57085,0.638219,0.98662,1.79906,2.67579,1.82241,9.3776,0.645492,0.522119,0.200627,0.422438,0.203589,2.46243,2.89467,1.99148,3.4346
PTGER2,5.08888,7.63636,0.766523,1.07308,2.17003,0.8223,2.54144,0.069503,0.053344,0.151487,0.036237,0.0459915,0.0966565,0.088587,0.078081,0.228486,0.096145,0.093415,0.374206,0.119168,3.57983,37.1179,0.383379,6.09241,21.4131,1.23712,5.06424,5.93767,5.49374,1.59046,2.93539,0.924916,2.22074,3.04745,0.528152,0.165598,1.74627,4.08383,0.539617,0.40534,0.566642,7.67364,7.4073,2.73034,0.12582,3.80499,9.0538,0.26402,0.176376,0.278359,0.32469,0.837287,10.3016,1.05675,1.35434,9.14062,9.93162,10.4045,14.5893,6.93082,7.59148,5.31607,3.39227,2.48503,2.59777,11.6868,2.64582,23.1649
GPR65,1.03727,1.55777,0.891453,0.975031,1.23302,0.351282,1.25084,0.203866,0.114484,0.216239,0.077227,0.0658155,0.115909,0.114976,0.244176,0.333977,0.141485,0.158388,1.20244,0.487051,0.691906,0.588076,8.57379,0.738793,0.771838,0.655253,0.885724,1.10398,0.764071,0.477645,0.806043,0.488581,0.831619,0.974216,0.279477,0.147353,0.388892,0.735334,0.552907,0.402356,0.481333,7.82269,4.69591,0.622686,0.0721595,1.05117,0.235994,0.172074,0.121156,0.258472,0.218904,0.466488,1.14399,0.217265,0.203821,2.54407,11.4105,4.70733,11.7197,0.691559,0.638839,0.421649,0.834716,0.63798,0.654422,0.851349,0.874547,9.47405
GPR68,5.63125,1.40112,0.4798,1.07239,3.4169,1.74932,4.33479,1.06358,2.06906,0.419801,7.93644,8.99072,3.06755,3.15744,0.756754,4.97724,0.499725,0.28411,0.857096,0.708313,3.35879,4.0125,2.99858,6.21793,3.62068,2.86141,4.01464,4.18411,4.54494,2.67536,4.93759,7.82646,5.17644,2.37814,1.03293,0.806045,1.36456,2.9202,0.570585,0.328934,0.293425,9.43237,8.45671,4.93247,0.448027,2.03527,0.531733,0.361721,0.41733,1.0214,0.408677,20.8313,4.47225,6.74196,7.02133,4.10123,6.42865,4.11051,6.09481,5.97944,5.71991,4.78793,2.32835,4.68385,2.61189,1.82951,5.82904,2.92398
BDKRB2,6.73338,14.4083,0.86456,1.48388,3.49276,1.25524,13.6095,0.306678,0.220346,0.192933,3.16549,2.71957,0.317022,0.329987,0.234782,0.207508,0.0883,0.233882,0.314985,0.233494,7.00009,4.24326,0.033349,24.6407,13.4447,5.69629,8.18051,9.312,7.07484,3.42316,5.8332,18.6104,5.98556,7.7296,0.608733,0.234641,3.57785,10.6892,0.111675,0.02937,0.086328,9.40317,2.0938,2.23126,0.328128,13.3786,0.789401,2.62439,1.28761,1.38464,1.81907,0.960784,5.8261,5.24759,5.26421,10.3,2.81215,8.93338,0.104428,3.78925,3.95553,1.59866,7.73628,0.343543,5.31966,4.06062,22.2575,0.01793
BDKRB1,0.806504,5.80618,0.12359,0.292382,0.61723,0.150624,2.87447,0.121884,0.132037,0.072024,2.21797,2.26662,0.214405,0.204289,0.153944,0.064977,0.032553,0.106192,0.111967,0.119495,1.00937,3.21955,0.042379,8.01954,3.79766,1.86003,2.64678,3.25502,3.31816,1.45583,1.58372,10.6476,1.71801,2.06366,0.229565,0.053992,1.24939,6.39592,0.0719685,0.0,0.0,4.86707,0.535278,0.560957,0.053869,2.37048,0.17254,1.4308,1.47595,0.958171,1.20988,0.259506,1.06933,2.8176,2.60425,2.43815,0.470177,1.95103,0.049381,1.54215,1.92029,0.604081,5.34485,3.29381,1.3274,1.20366,8.35591,0.0
CHRM5,0.144933,0.109269,0.052032,0.188166,0.181212,0.181585,0.11775,0.21982,0.192111,0.113097,0.418507,0.44602,0.243806,0.262523,0.359695,1.75586,0.281459,0.098131,2.04642,1.41305,0.153347,0.044885,0.089531,0.178845,0.189001,0.086204,0.165063,0.125004,0.210417,0.117852,0.091367,0.074515,0.080791,0.187797,0.054013,0.0288775,0.0716295,0.161218,0.298613,0.242074,0.167916,0.283666,0.222773,0.111407,0.050686,0.466416,0.114655,0.0718145,0.058362,0.229914,0.0514435,0.241186,0.174599,0.199755,0.202789,0.255455,0.392833,0.20699,0.346705,0.096655,0.090233,0.06399,0.07748,1.22753,0.189669,0.18325,0.161534,0.07531
SSTR5,0.116771,0.06088,3.21639,4.35376,0.829862,0.289965,0.258207,0.058953,0.038297,0.047628,0.023326,0.034159,0.123154,0.1151,0.051618,0.407688,0.031154,0.0239515,0.035659,0.050257,0.0391885,0.0,0.025013,0.255168,0.085709,0.015677,0.052327,0.098329,0.118405,0.03659,0.020851,0.060355,0.016052,0.091339,6.49504,2.56343,0.642123,6.28648,0.011249,0.0,0.022195,0.0442175,0.0142065,0.969163,0.083121,0.056541,0.03693,0.213871,0.124003,18.0222,0.37062,17.9246,1.56948,0.101388,0.134826,0.173523,0.057789,0.244719,0.010088,0.122804,0.151928,0.103874,0.0106115,0.381965,0.0192205,0.034229,0.398027,0.043724
ADORA2B,1.3555,1.21014,2.19177,0.761916,1.21221,0.825649,4.70768,6.93827,12.5811,7.92416,4.03039,6.41736,11.8317,10.7077,5.21273,3.46325,10.3074,6.44348,1.32442,2.26292,1.59643,14.7348,0.505085,9.584,2.37143,3.85701,10.5248,23.4911,23.5724,4.53159,1.23468,16.0499,1.18178,3.2914,0.903401,1.19176,0.358309,1.49338,0.3079,0.220012,0.377137,1.9314,4.93668,2.18721,0.416903,1.93977,1.57233,0.966564,1.05567,0.847245,1.00798,4.49667,3.35651,18.2508,15.2118,2.97862,2.05216,4.0706,1.26574,0.846624,1.11311,0.247983,3.66168,3.4681,0.941429,1.73162,14.3518,1.69198
SSTR2,3.63234,4.29857,2.59086,0.572049,1.24305,0.901755,1.18274,3.61282,7.34746,3.6387,38.1153,33.9958,7.556,8.97785,5.14275,3.2743,7.91608,2.06549,1.23768,1.14789,2.88154,0.065155,3.79347,0.612846,0.946335,0.761434,0.973979,1.04387,0.866832,0.384597,1.14398,0.269234,1.11225,2.38188,0.369538,0.421689,3.10489,11.9097,0.530992,0.320345,0.548634,4.20671,0.713534,0.463608,0.531442,2.44997,0.348723,0.336285,0.223038,15.907,0.454778,4.61947,2.30507,0.410105,0.467727,0.896134,0.340346,0.85487,11.8523,1.65743,2.09275,1.93303,0.842052,0.811954,2.61559,1.63117,0.850157,0.024918
GALR2,0.0972765,0.181435,0.11138,0.153556,0.0927235,0.070971,0.099466,0.10139,0.138015,0.070506,0.150302,0.162219,0.135818,0.137308,0.119926,0.626047,0.144334,0.055422,0.231891,0.137038,0.101773,0.140929,0.259795,0.207047,0.05419,9.90492,4.5223,3.90896,0.247255,21.6702,0.098155,1.12995,0.082391,0.076027,0.046918,0.017877,0.053916,0.093405,0.101902,0.198625,0.19955,0.207965,0.253201,0.132228,0.044911,0.19337,0.078484,0.0916685,0.124775,0.176002,0.165211,0.288186,0.163651,0.48872,0.418315,0.26236,0.663033,1.22195,0.330581,0.201011,0.307583,0.142897,0.916853,0.881771,0.10344,0.060529,0.378892,0.32447
GCGR,0.252203,0.127114,0.141775,0.040991,0.249916,0.034646,0.314555,0.016684,0.021575,0.014507,0.113196,0.162716,0.0574105,0.030261,0.025751,0.056289,0.010298,0.01535,0.075617,0.058379,0.186846,0.0140285,0.623068,0.777879,0.430849,1.47375,0.924783,0.678761,0.147907,1.35481,0.281902,0.250118,0.20287,0.53527,0.017567,0.0,30.1449,75.9858,125.844,186.122,134.114,23.9824,0.160284,0.151496,0.0318925,14.46,0.039827,0.814247,0.791342,49.435,1.29304,0.479565,0.244954,2.40127,1.64174,0.904987,0.492951,1.06719,0.199772,0.105442,0.153054,0.029826,0.38657,2.43833,0.180225,0.191012,0.949627,0.016922
UTS2R,0.083844,0.063485,0.037107,0.268063,0.118106,0.059513,0.074859,0.203269,0.329695,0.128627,0.613887,0.733987,1.82424,1.37172,0.109716,0.200177,0.135026,0.099115,0.036473,0.041554,0.2018,0.022527,1.05487,0.0940095,0.171428,0.04955,0.224138,0.357557,0.518772,0.058861,0.076938,0.04848,0.063192,0.12583,1.17467,0.470814,0.0915085,1.39636,0.057297,0.074006,0.049088,0.259385,0.117917,0.416331,0.188438,1.31458,0.059983,0.297118,0.38539,0.244954,0.336496,0.280213,0.212941,0.074564,0.0577435,0.209432,0.341451,0.326548,0.664149,0.097861,0.111042,0.086519,0.0373715,9.11708,4.77281,0.070299,0.109035,0.03939
MC5R,0.0,0.032285,0.051334,0.0,0.0,0.0,0.0,0.035604,0.100768,0.0,0.037992,0.031286,0.068489,0.098074,0.036089,0.069863,0.0,0.0,0.0,0.022067,0.0157015,0.0,0.0,0.0434315,0.0,0.0,0.0,0.0,0.0,0.0,0.0,0.487069,0.0,0.0,0.0,0.0,0.0,0.0,0.0,0.0,0.0,0.0,0.0,0.0,0.0,0.0,0.0,0.0,0.0,0.0,0.0,0.098152,0.0,0.11516,0.0561655,0.0,0.0,0.0,0.0,0.020906,0.024692,0.0,0.0,0.739223,0.0,0.0,0.0295245,0.0
HRH4,0.1641,0.08775,0.079925,0.0775725,0.111568,0.124823,0.16882,0.019229,0.018277,0.023418,0.022714,0.0227535,0.0232835,0.02494,0.020867,0.033259,0.03584,0.0177805,0.044747,0.027246,0.0982785,0.054312,0.0,0.0934275,0.104002,0.093934,0.069434,0.0529565,0.0269175,0.062814,0.125696,0.0537575,0.143347,0.09097,0.03323,0.017137,0.0320655,0.038097,0.101005,0.116628,0.088053,0.148704,0.162519,0.153066,0.053888,0.244357,0.090035,0.0178935,0.016852,0.0,0.011783,0.076775,0.102756,0.080259,0.102666,0.097262,0.155828,0.103914,0.15265,0.038206,0.018883,0.012439,0.031211,0.357132,0.071381,0.142383,0.103677,0.208626
MC4R,0.0,0.0,0.0,0.0,0.0,0.0,0.037337,0.641518,1.7644,2.31285,0.1436,0.264171,1.09473,1.40081,0.291905,3.39407,1.06498,1.88581,0.122515,0.185507,0.0,0.0,0.0,0.0,0.0,0.0,0.047395,0.0883505,0.140101,0.0,0.27273,0.0,0.255218,0.12274,0.0,0.0,0.0,0.0,0.0,0.0,0.0,0.0841135,0.0,0.098491,0.0,0.0,0.061367,0.0,0.0,0.0,0.0,0.108804,0.0,0.0,0.0,0.044523,0.0,0.0138175,0.381848,0.053214,0.112303,0.068229,0.045412,0.190078,0.0,0.0,0.0,0.0
GALR1,0.224134,0.058783,0.017671,0.013012,0.0247135,0.033583,0.021374,0.417093,0.354199,0.218782,0.084126,0.075381,0.337579,0.485936,0.282674,0.984547,0.29623,0.242914,0.444478,0.315572,0.0956845,0.0,0.0,0.05263,0.037809,0.246982,0.135176,0.083462,0.022078,0.197279,0.247143,0.0152,0.19667,0.035425,0.032449,0.015416,0.0242285,0.055947,0.0,0.0,0.0,0.07433,0.006284,0.046803,0.004906,0.288632,0.017184,0.026381,0.019988,1.18968,0.0173755,2.92754,0.297446,0.063413,0.0764535,0.134941,0.005397,0.049507,0.0,0.105973,0.083219,0.029193,0.305208,0.589232,0.101896,0.010579,0.047968,0.0
KISS1R,0.025346,0.050948,0.034179,0.026497,0.0287215,0.0,0.02976,0.71386,1.06718,0.862074,0.222455,0.211747,0.705247,0.893967,0.150415,3.32007,2.08833,0.662012,0.187339,0.366983,0.068776,0.0,2.30369,0.0841295,0.022827,0.026992,0.077791,0.176913,0.110601,0.037529,0.0,0.130066,0.0,0.033989,0.014604,0.0,0.121618,0.139309,0.0154175,0.018342,0.0,0.313366,0.120997,0.114875,0.0,0.0256615,0.023067,0.126087,0.147112,1.1453,0.204031,1.84326,0.042874,0.085832,0.061498,0.249426,2.33306,0.577497,0.687548,0.036452,0.050576,0.024139,0.028857,0.112838,0.0591855,0.0,0.084453,0.569388
TBXA2R,4.95398,5.13441,10.8324,69.3672,46.8243,65.7063,3.80443,0.756166,0.752816,0.552247,0.274549,0.447036,0.867147,0.632537,0.670431,0.959302,0.380019,0.690155,0.585127,0.764148,2.73184,2.66057,0.171198,6.76055,7.95085,3.36292,2.97476,1.85772,0.950286,2.45016,7.83402,1.96699,9.17413,6.61534,1.85106,2.20256,5.27391,4.75961,3.75327,1.67481,2.03263,6.90231,8.48967,0.810349,0.549209,15.695,2.57579,0.504673,0.280803,1.33345,0.526734,1.95045,4.38917,0.997847,1.37347,4.54567,3.54263,3.33712,12.535,2.66925,1.8445,0.91887,4.03081,1.34803,5.77966,8.57827,5.03918,2.02118
P2RY11,13.1115,11.6564,5.47021,7.53906,9.61005,8.96057,20.7067,9.3898,11.9191,12.7616,24.2436,23.9591,16.583,14.6899,10.742,11.7228,14.1564,11.6126,8.3133,7.50449,14.3607,11.5883,46.6721,16.3461,18.6217,18.0995,14.2503,16.9381,16.5924,23.1247,14.1017,11.5184,16.0558,20.4018,3.75311,3.19553,6.92224,16.4605,6.11134,6.54257,4.31748,27.2751,16.6376,12.5438,6.81463,15.3446,21.9406,4.69063,9.42271,11.8124,5.88581,18.9259,23.9834,27.6266,29.4365,18.2382,59.0114,25.482,27.3419,9.8534,13.6168,11.2333,17.7902,27.0421,27.4035,16.3401,18.0889,10.74
S1PR2,12.437,13.2714,3.77359,5.04993,8.99698,3.5498,12.0879,1.28229,1.17335,0.817694,1.01699,1.06901,1.28194,1.19881,1.09703,1.81172,0.891365,0.794465,2.18039,1.23677,10.8672,20.5927,24.1283,16.2146,29.6284,9.32894,6.69226,4.11367,2.00735,9.02128,13.122,4.5778,11.1039,22.0718,5.89393,2.87714,2.02446,3.07799,3.50059,3.61729,3.5555,19.3337,31.3801,5.90584,0.618987,16.2784,11.4984,2.15548,1.64419,2.92508,1.97011,5.91208,12.9041,7.95475,9.73229,8.77334,10.8679,7.55848,3.74404,5.074,4.64983,2.5243,11.9984,37.6437,7.95328,18.5598,14.4051,1.09653
S1PR5,0.586864,0.819451,0.410024,0.675622,0.589359,0.467696,1.60945,10.4805,3.19079,8.28572,2.72662,2.87671,4.72658,5.27031,18.1167,8.819,4.22366,14.1278,56.369,24.8998,0.626608,0.46174,0.042464,8.36442,0.428776,0.116378,0.355116,0.257923,0.196162,0.064486,0.100128,14.4255,0.108311,0.431786,0.24545,0.164878,0.435573,0.882367,0.689393,0.400189,0.348488,2.53458,3.42503,2.10674,0.102348,0.169757,0.355596,0.558487,0.672308,0.379086,0.65238,0.531653,3.02701,21.5539,16.5363,0.448389,0.752995,0.447116,14.1275,0.249171,0.213864,0.229214,0.0629375,1.50941,0.765268,0.477099,15.6452,19.435
PTGER1,0.692889,1.19088,1.8587,0.579875,1.42888,0.364695,1.20119,0.290912,0.317212,0.647295,0.28709,0.2885,0.435059,0.402664,0.288574,0.649988,0.840097,0.535448,0.488063,0.398583,0.698438,0.817884,0.0,0.614331,0.895142,0.547648,0.627315,0.645571,0.541721,0.570063,1.61457,1.00365,1.1044,2.11766,0.075135,0.03825,8.11795,40.1316,0.260476,0.193003,0.234867,3.90527,3.73098,0.51388,0.0785705,1.43132,0.132505,0.188235,0.212823,0.821342,0.229249,2.83629,0.845286,0.182012,0.21202,2.03419,3.23259,1.93382,9.76247,3.5496,3.74707,0.589421,9.44965,0.5675,0.901161,0.756132,0.801425,0.047879
LPAR2,7.10238,8.20297,2.23056,5.7038,5.21699,2.55062,9.83033,2.77775,2.94912,1.79815,1.22968,1.72462,4.58444,3.40101,2.62642,5.91187,2.46575,1.58441,3.64216,2.80763,8.5497,2.5258,12.4421,11.5693,8.95913,3.671,10.3836,13.3108,14.4588,4.68969,2.52054,12.1855,2.58958,9.93637,1.39778,0.749363,3.79328,8.37407,2.07569,2.66719,1.97472,38.5363,29.9585,14.8921,0.484755,8.03572,12.0914,10.2804,12.7023,5.12724,11.742,11.3005,20.2495,17.3206,15.2743,19.2836,67.4437,29.5994,69.604,21.2935,26.628,27.9295,3.30406,66.8046,23.6675,5.50058,12.5226,173.264
FFAR1,0.043506,0.037193,0.051131,0.0167705,0.0255245,0.011019,0.052827,0.460876,0.14391,0.538128,0.077999,0.141426,0.352125,0.241317,0.701166,0.34511,0.32902,0.592747,2.39367,0.803561,0.036857,0.0,3.09708,0.047253,0.083227,0.046527,0.067733,0.075244,0.0559735,0.053969,0.046422,0.0207675,0.045803,0.265707,0.007254,0.004462,0.0120805,0.009544,0.0081685,0.009544,0.012809,0.15848,0.136175,0.025809,0.0068935,0.3017,4.92658,0.805245,0.540139,55.8759,1.17988,0.036744,0.057045,0.020111,0.0197195,0.362027,1.81718,0.709483,0.481058,0.053061,0.076503,0.043221,0.049959,0.47379,0.0685445,0.066622,0.0426175,0.072322
FFAR3,0.636035,1.25676,0.014183,0.0635565,0.097227,0.0,0.088692,0.034943,0.0,0.0469055,0.0,0.0,0.0300795,0.015345,0.047252,0.043103,0.030026,0.0435035,0.206048,0.073218,0.526842,0.0,0.03841,0.0,0.0,0.472261,0.144107,0.084237,0.0425965,0.328616,0.042354,0.0,0.046691,0.093524,0.019826,0.0259385,0.0,0.0,0.0,0.0,0.0,0.028705,0.12622,0.0,0.0,0.06663,0.102154,0.0542,0.0,2.11487,0.094348,0.094474,0.0698405,0.0,0.0,0.133206,0.108821,0.173147,0.339242,0.109774,0.111919,0.107634,0.156653,0.095554,0.197092,0.0,0.0,2.24345
FFAR2,1.36302,6.18068,0.227539,0.3581,0.440977,0.127426,0.202397,0.098321,0.082606,0.099086,0.061793,0.0909655,0.123966,0.092606,0.093474,0.094979,0.081836,0.089954,0.126549,0.156697,1.89483,0.0,4.98553,0.928516,0.137011,0.190307,0.398534,0.81955,0.51522,0.631956,0.210773,1.44109,0.213154,0.712064,0.296177,0.314423,0.265547,0.304488,0.611,1.43035,0.983644,5.60067,8.62425,0.485099,0.112229,0.183017,0.104111,0.0892355,0.030519,1.71201,0.060812,0.190562,1.1238,0.882288,0.852259,2.15094,0.732748,2.4078,35.9662,0.381783,0.366462,0.308711,0.40702,0.09474,0.700473,0.268871,1.11147,291.884
GPR4,30.0566,62.9606,7.16037,7.14686,14.059,6.81613,7.81869,3.01359,2.77269,3.83791,2.11802,3.4402,5.82503,3.3378,3.43051,4.01559,2.62116,3.94079,5.31746,5.50897,32.2497,7.96647,0.101277,6.93115,9.3822,5.49003,4.88845,2.8056,1.5929,2.49273,8.25552,3.38778,8.28282,12.2895,11.6394,9.93772,10.461,22.3615,2.0042,1.22282,1.5875,22.3145,47.6301,4.47385,4.05601,30.2234,5.9365,2.35302,1.12615,5.99943,2.02859,8.87826,9.50902,3.59622,4.43072,7.36187,2.21722,4.82431,7.80166,6.6533,5.08224,3.34376,5.80931,4.34262,41.8431,14.4138,8.27656,0.220992
GIPR,5.91916,10.5089,0.319984,0.305271,0.569097,0.216887,2.76481,0.926771,0.49063,0.740629,0.500229,0.781613,0.725818,0.585723,1.96737,1.92429,1.91227,1.06858,1.86289,2.44313,8.44423,0.619959,23.4793,2.8493,0.544606,0.268603,5.94712,10.3518,19.3431,1.00296,0.162478,2.25563,0.151508,4.21866,8.76666,2.02527,0.817216,5.33208,0.305378,0.13168,0.207444,14.4148,5.85863,9.02142,0.08511,0.471765,0.195719,4.71463,5.68652,103.028,5.41894,0.562374,8.16429,3.8719,4.84886,5.03327,10.187,5.36652,4.80311,8.00405,12.4358,12.0557,0.242296,0.481328,3.39027,0.27079,3.08274,1.31086
PTGIR,6.52688,10.6651,4.3645,77.4604,36.7313,26.9846,3.10965,0.166853,0.15141,0.116101,0.056235,0.084229,0.226459,0.168231,0.196811,0.154185,0.097125,0.134279,0.251994,0.180752,3.52368,12.4245,8.58279,4.23528,3.67171,3.78366,2.72675,1.9142,0.681439,3.21141,4.7917,1.20396,4.3225,4.6452,12.387,3.04401,6.43303,9.12183,3.00683,1.54428,2.15814,61.2564,39.421,3.1519,0.738595,5.60391,1.24046,1.72642,1.08305,3.54809,2.22579,1.50735,1.28775,2.96824,2.96771,3.96238,4.22923,3.63206,8.11089,2.65356,3.55566,0.757448,12.4327,0.291705,17.9473,3.84377,4.44685,3.76392
C5AR1,19.908,41.0666,12.0447,41.489,30.5982,15.9685,9.84235,1.54943,1.05316,1.49155,0.873368,0.842367,1.20245,1.13179,1.91423,3.49921,0.935134,0.810611,9.69339,2.27706,10.0428,2.76673,1.36161,7.59781,9.86661,13.7586,8.55936,9.34201,6.62342,12.3673,7.46611,2.05923,6.64338,19.7143,7.07812,2.30408,6.49924,8.76826,8.48002,14.1137,9.09599,32.6737,77.3703,5.94218,0.990603,29.512,7.54497,2.2766,3.11707,8.95798,3.23355,89.4749,8.35364,2.98849,2.71978,7.3656,6.39055,9.74061,59.8612,5.16935,6.6686,1.84743,25.5758,5.16067,6.67794,9.93842,7.03343,554.318
FPR1,7.97579,18.5251,6.01983,12.8666,11.8679,5.78262,4.54261,1.22947,1.00804,1.65551,0.674749,0.591443,1.13287,1.16682,1.44022,2.51939,1.29003,1.38927,6.89235,3.12052,5.13891,4.77127,0.086569,2.62915,3.15516,3.00943,2.20995,3.39788,1.43688,5.51426,2.63966,1.43924,3.13458,8.01744,3.60488,1.68225,2.36843,2.43282,2.92687,2.22448,3.37263,20.7323,57.7191,3.11307,0.796406,7.4326,2.69706,1.10201,0.54348,0.811246,1.06018,2.57055,2.96559,0.767792,0.925282,3.67434,3.46563,5.59923,158.914,2.09701,3.47266,0.897598,7.77349,1.89714,3.56615,2.97259,2.60357,2099.77
FPR2,0.595708,1.49115,0.414309,0.559612,0.562571,0.162765,0.254306,0.057332,0.059438,0.0891895,0.045134,0.0593065,0.077685,0.072194,0.050614,0.063323,0.101028,0.056835,0.104247,0.083016,0.293642,0.268703,0.01969,0.144466,0.22358,0.179316,0.18247,0.271949,0.0858895,0.329095,0.145886,0.095373,0.167797,0.479932,0.316643,0.149362,0.0973735,0.07691,0.241746,0.210263,0.441105,1.17544,8.08174,0.204496,0.060039,0.186363,0.415181,0.062016,0.015187,0.039083,0.064943,0.112515,0.174974,0.040844,0.048391,0.404499,0.221644,0.319479,16.1962,0.184621,0.201236,0.066723,0.580179,1.12204,0.223231,0.179867,0.165973,125.546
SSTR4,0.0,0.0,0.0,0.013088,0.008714,0.0,0.0,0.58145,0.923212,0.141215,1.51017,1.59524,1.02601,0.922871,0.420451,0.164397,0.339941,0.0803345,0.0366205,0.035978,0.0,0.0,0.0,0.0,0.026858,0.066136,0.036455,0.0054465,0.0,0.118782,0.015427,0.0,0.014934,0.148472,0.0,0.0110085,0.0,0.0,0.0,0.0,0.0,0.010659,0.12657,0.0,0.0,0.017909,0.0,0.0,0.0,0.24777,0.0,0.046547,0.002822,0.025844,0.031977,0.035242,0.0,0.005148,0.062525,0.028638,0.018936,0.015673,0.0381405,0.259641,0.0347785,0.029267,0.0,0.0
MC3R,0.0,0.0,0.0,0.0,0.0,0.0,0.0,0.0,0.0,0.0,0.0,0.0,0.0,0.031365,0.0,0.380275,0.0,0.0,0.0,0.0,0.0,0.0,0.0,0.0,0.0,0.0,0.0,0.0,0.0,0.0,0.0,0.0,0.0,0.0,0.0,0.0,0.0,0.0,0.0,0.0,0.0,0.0,0.0,0.0,0.0,0.0,0.0,0.0,0.0,0.0,0.0,0.0,0.0,0.0,0.0,0.0,0.0,0.0,0.0,0.0,0.0,0.0,0.0,0.272592,0.0,0.0,0.0,0.0
HRH3,0.016855,0.025062,0.040659,0.045055,0.03984,0.041964,0.211166,11.5691,31.9636,45.2421,59.7475,77.9994,26.8626,26.1966,7.81604,38.8564,62.3656,49.7487,1.99987,5.39795,0.036361,0.0,0.019163,0.08441,0.029493,0.147154,0.071368,0.031337,0.005892,0.153187,0.084093,0.0368935,0.086409,0.026446,0.019339,0.0132265,0.026372,0.035729,0.017665,0.012447,0.0,0.0763345,0.035353,0.033499,0.0356565,0.0626185,0.039337,0.0394295,0.024862,0.078943,0.0212275,3.07802,0.2449,0.180205,0.216348,0.080243,0.063737,0.0632465,0.032428,0.096304,0.127247,0.047526,0.215136,2.22849,0.0360865,0.03608,0.06102,0.037466
NTSR1,0.0472055,0.083113,0.030557,0.0338245,0.059444,0.018442,0.197053,0.834368,1.41456,0.276938,0.035714,0.0437145,1.37476,1.1713,0.249073,1.46588,0.65776,0.175882,0.052067,2.47566,0.03279,0.053305,0.022781,0.026808,0.029642,37.8291,9.45546,7.60202,0.059596,52.2206,0.779625,0.035831,0.990688,0.065043,0.022592,0.0254755,0.380859,2.03386,0.371725,0.586086,0.273172,0.112216,0.230121,0.039773,0.0244105,0.0299645,0.102833,0.280419,0.420007,0.091933,0.30362,0.071049,0.054771,0.142544,0.201128,0.34298,0.199991,0.693269,1.18739,0.414021,0.447362,0.226925,1.84239,1.03422,0.077516,0.026391,0.0312435,2.55426
OPRL1,0.506421,0.468979,0.488934,0.557638,0.565447,0.451776,0.309283,0.496413,0.94682,0.912053,2.09053,2.43073,2.27352,2.09436,0.435481,1.32662,1.54674,0.477103,0.395461,0.40159,0.519833,0.343221,0.374357,0.670916,0.61802,0.23134,0.211474,0.0849675,0.0910205,0.12424,0.187882,0.122906,0.16822,0.466336,0.202128,0.077541,0.119626,0.300009,0.032023,0.0,0.0,0.271343,0.771122,0.30732,0.055826,0.370173,0.186556,0.26071,0.150249,0.035194,0.260769,0.490268,0.405106,0.174219,0.184881,0.501582,1.62897,0.744481,1.54658,0.201309,0.113568,0.04982,0.0,5.25304,0.361074,0.288745,0.345461,3.80305
ADORA2A,2.61555,3.09703,3.36314,3.74818,5.60805,3.52598,3.43005,2.77012,3.18024,43.3671,8.53555,10.1312,4.90398,3.95117,3.42773,3.3416,47.8637,44.1835,2.59681,3.5822,2.79119,0.523572,35.2133,4.43887,4.51369,3.78767,3.41171,2.61374,2.10289,2.4757,4.01739,1.54472,4.09051,5.70364,3.85977,3.51396,5.88423,17.8084,4.76193,2.85012,3.28893,10.5158,14.9851,2.34333,1.08865,4.9504,4.38249,0.760515,0.713972,11.2001,0.940564,7.11075,5.70457,1.53844,1.75352,5.95228,15.4518,8.59678,15.1643,2.85191,2.42106,2.14081,2.63926,4.66177,5.24894,5.38108,3.93127,39.5754
SSTR3,0.0124275,0.097475,0.321449,0.013594,0.020129,0.011499,0.015513,1.0436,3.21844,0.213874,1.98034,1.01057,7.58523,7.79035,1.27258,4.10417,0.22928,0.214971,0.323967,0.578318,0.015341,0.008037,17.4813,0.017918,0.045668,0.031398,0.115115,0.128893,0.156745,0.048666,0.007962,0.022646,0.008896,0.108763,0.006359,0.0,0.164047,0.029379,0.0104655,0.011569,0.0,0.213172,0.087166,0.156364,0.0,0.011061,6.38119,0.558619,0.344056,28.808,0.787744,4.35034,0.042806,0.010104,0.00978,0.325389,2.46072,0.945732,0.898869,0.1275,0.138453,0.148665,0.0067345,18.2949,0.0236845,2.47149,0.0232165,1.38474
GALR3,0.0,0.0,0.025732,0.0,0.029773,0.030875,0.029713,0.165376,0.186378,0.232669,0.923133,0.996698,0.219427,0.237099,0.145142,0.308212,0.372904,0.156336,0.094634,0.098244,0.0,0.0381315,0.039224,0.078451,0.098234,0.033981,0.023794,0.0534655,0.0552445,0.076086,0.025829,0.0791595,0.0,0.070809,0.0,0.0,0.0036285,0.0,0.153278,0.17757,0.125012,0.0,0.0,0.0,0.0536315,0.0539835,0.147942,0.193857,0.350107,0.112424,0.235877,0.095956,0.11934,0.067423,0.0701655,0.0,0.099556,0.0654195,0.040939,0.0,0.020516,0.023504,0.032974,0.836172,0.108938,0.089859,0.0741255,0.0
GRPR,0.283332,0.161163,0.11048,0.106839,0.09282,0.067658,0.119631,0.058369,0.10187,0.039797,0.078063,0.0816745,0.093506,0.087669,0.031008,0.074795,0.03859,0.027535,0.051601,0.0342,0.526267,0.182781,0.953763,0.136918,0.475921,0.639092,0.293689,0.221584,0.098164,0.620896,3.43838,0.0361345,2.92173,0.206926,0.108144,0.0383755,0.0694265,0.078693,0.0,0.030724,0.0,0.0578305,0.172789,0.098111,0.100514,0.316324,0.050818,5.10685,2.22356,0.71063,2.64333,0.066989,0.274813,0.050622,0.061552,0.115632,0.060394,0.099682,0.104315,0.109394,0.355325,0.010955,2.61225,0.182541,0.179308,0.392522,0.138981,0.066405
GPR34,16.0695,13.6726,10.4458,10.874,15.0497,7.00756,5.4685,3.69154,2.43953,3.26836,0.952095,0.586156,1.2803,1.99115,3.35581,3.88357,2.91748,2.27292,11.4902,6.14638,9.00129,0.043414,0.529277,3.36601,5.32951,4.75661,5.50808,8.93869,5.32761,3.42579,4.72041,1.49713,4.55484,4.85252,1.36347,0.947664,1.00209,0.94885,0.373146,0.76547,1.47404,22.0729,7.37054,3.85086,0.502226,9.38263,2.46745,1.17308,0.537804,1.25536,1.54112,1.69349,5.36752,1.10891,1.37352,12.0615,21.1352,13.6658,22.2964,2.8076,2.79051,1.61055,2.9653,1.13931,2.556,3.39126,2.50794,1.8607
P2RY4,0.271771,0.138664,0.130067,0.240491,0.199677,0.212397,0.282545,0.013849,0.0,0.0207095,0.029108,0.056728,0.0295775,0.008545,0.018053,0.020068,0.015517,0.012687,0.0366715,0.024102,0.274549,0.241536,0.307422,0.424984,0.290712,0.217218,0.297329,0.367294,0.343525,0.115569,0.203109,0.145241,0.202796,0.247749,0.074329,0.0462965,0.0626135,0.104795,0.0368215,0.0,0.0,0.146693,0.238283,0.359996,0.0589245,0.453212,0.238661,0.0822945,0.056013,0.148143,0.015021,0.15573,0.245762,1.20016,1.06786,0.899027,0.282508,0.781125,0.148264,0.143966,0.065816,0.031798,0.093255,0.154779,0.388936,0.284031,0.341782,0.0
CYSLTR1,2.39323,2.06307,0.420629,1.13411,1.68656,0.638098,0.749268,0.17954,0.130314,0.212049,0.07975,0.0721985,0.117729,0.138794,0.208923,0.247005,0.13225,0.180832,0.481036,0.314402,1.79738,0.0,4.65911,0.679098,0.58445,0.702889,0.955827,0.722291,0.752864,0.349214,9.1134,0.845125,12.5434,1.04442,0.211302,0.127468,0.350477,0.195811,0.0800675,0.02406,0.066284,1.32303,1.52463,1.31186,0.131541,1.14897,0.096563,0.197667,0.088262,0.178146,0.156083,0.248974,0.904706,0.666103,0.584278,2.01947,7.71777,3.52035,5.00721,0.869728,0.876755,0.348674,2.82009,0.0870535,1.82798,0.67566,0.647299,2.08601
LPAR4,0.420073,0.821064,0.042559,0.71219,0.578739,0.373283,0.243913,0.807597,0.248682,0.47247,0.279209,0.404728,0.30143,0.215575,0.927483,0.293396,0.343387,0.266513,0.658949,0.246348,0.609216,0.321966,0.06627,0.431858,1.23079,0.527995,0.249464,0.100707,0.061017,0.448837,1.45603,0.284741,0.916603,1.1432,0.371305,0.128713,0.0287445,0.101609,0.0,0.0,0.0,0.311625,0.105777,0.264104,0.0336895,0.472183,3.50339,0.036313,0.023878,0.286073,0.0196355,0.195702,0.181268,0.23267,0.143429,0.304697,0.222971,0.244745,0.067403,0.104784,0.25647,0.0,1.79714,0.263346,0.34173,1.06631,0.404087,0.0
HTR2C,0.0,0.0,0.0,0.0,0.0,0.0,0.031625,2.40515,1.86072,13.3555,0.110772,0.079797,0.746151,1.38155,1.36534,13.8185,34.3496,6.4246,0.54573,1.34555,0.0,0.0,0.0,0.118474,0.077865,0.0,0.0,0.0,0.0,0.0,0.0,0.0,0.0,0.0,0.0,0.0,0.0,0.0,0.0,0.0,0.0,0.0,0.0,0.007203,0.0,0.0717195,0.0,0.0,0.0,0.0,0.0,0.016702,0.0380315,0.0,0.008852,0.0,0.0,0.0,0.0,0.0,0.0,0.0,0.0,0.0909925,0.0,0.0,0.324539,0.0
GPR119,0.0,0.0,0.0,0.0,0.0,0.0,0.0,0.0,0.0,0.0,0.0,0.0,0.0,0.0,0.0,0.0,0.0,0.0,0.0,0.0,0.0,0.0,0.0,0.0,0.0,0.0,0.018569,0.0553275,0.0415945,0.0,0.0,0.0,0.0,0.0,0.0,0.0,0.0,0.0,0.0,0.0,0.0,0.0,0.0,0.0,0.0,0.0,0.0,0.27047,0.136604,22.1046,0.381563,0.0,0.0,0.0,0.0,0.07133,0.0,0.08318,0.0,0.031564,0.042248,0.039017,0.0,0.182581,0.0,0.0,0.0,0.0
AVPR2,14.6721,10.4996,0.313972,0.973653,3.45768,1.82006,3.69749,0.085753,0.136571,0.0607865,3.04978,2.88687,0.114591,0.108857,0.082285,0.071702,0.045222,0.041799,0.123838,0.063015,10.6435,0.0,0.270073,4.46264,4.63977,2.77757,1.80291,1.47657,0.58084,2.01707,4.75974,1.22503,4.94871,5.61455,2.09523,3.24833,2.88703,16.7785,0.0444385,0.029225,0.035375,0.613015,1.44618,1.76396,1.55726,6.5073,0.526269,0.490471,0.542158,0.478848,0.588058,0.275825,2.1203,2.53481,2.95602,2.35656,2.66884,2.0288,0.83346,1.53847,1.29192,0.807042,2.88709,0.634721,4.09554,6.14615,3.6434,0.401718
